"text","favorited","favoriteCount","replyToSN","created","truncated","replyToSID","id","replyToUID","statusSource","screenName","retweetCount","isRetweet","retweeted","longitude","latitude"
"@KofiPoliSci351A if it bleeds, it leads #POL351",FALSE,0,"KofiPoliSci351A",2015-09-14 14:11:16,FALSE,"642162078673973248","643426792813031424","3484949123","<a href=""http://twitter.com"" rel=""nofollow"">Twitter Web Client</a>","soltofbc",0,FALSE,FALSE,NA,NA
"@ShannonLaGassa does Mabus raise any valid points? Tests in other services (e.g. Ranger school) show women are capable #POL351 #POL241",FALSE,0,"ShannonLaGassa",2015-09-14 14:09:50,FALSE,"642483322296385536","643426433977708544","3462487036","<a href=""http://twitter.com"" rel=""nofollow"">Twitter Web Client</a>","soltofbc",0,FALSE,FALSE,NA,NA
"@AtalieSofia yet his GOP support doesn't differ much for men vs. women #pol241 http://t.co/pppePOIP0g",FALSE,0,"AtalieSofia",2015-09-14 14:07:28,FALSE,"642020506682662912","643425836734005248","711614828","<a href=""http://twitter.com"" rel=""nofollow"">Twitter Web Client</a>","soltofbc",0,FALSE,FALSE,NA,NA
".@CodyShagovac depends on if the amended licenses are still valid. if not, probably back to jail #POL241 #POL353 http://t.co/PPc13fzzLx",FALSE,0,"CodyShagovac",2015-09-14 14:01:42,FALSE,"643398683959164928","643424386024910848","194364675","<a href=""http://twitter.com"" rel=""nofollow"">Twitter Web Client</a>","soltofbc",0,FALSE,FALSE,NA,NA
"Maybe it's time for Kim Davis to find a new job that won't go against her personal beliefs? #pol241 http://t.co/JHDjMP9NS4",FALSE,0,NA,2015-09-14 13:53:02,FALSE,NA,"643422206127644673",NA,"<a href=""http://twitter.com/download/iphone"" rel=""nofollow"">Twitter for iPhone</a>","allen_kelsey1",0,FALSE,FALSE,NA,NA
"@soltofbc How do you think this will play out? Will she go back to jail? #POL241  https://t.co/XT0qPULVHo",FALSE,0,"soltofbc",2015-09-14 12:19:34,FALSE,NA,"643398683959164928","3234588499","<a href=""http://twitter.com/download/iphone"" rel=""nofollow"">Twitter for iPhone</a>","CodyShagovac",0,FALSE,FALSE,NA,NA
"Kentucky clerk Kim Davis due to return to work Monday via the @FoxNews App #pol353 so she gets to continue work http://t.co/Kz2wm82ArW",FALSE,0,NA,2015-09-14 12:07:59,FALSE,NA,"643395766845882369",NA,"<a href=""http://www.apple.com"" rel=""nofollow"">iOS</a>","LaPollaJames",0,FALSE,FALSE,NA,NA
"Walker to call for ending federal employee unions, abolishing NLRB via the @FoxNews App #pol353 calls to end unions http://t.co/uqNdIQTTeR",FALSE,0,NA,2015-09-14 12:07:19,FALSE,NA,"643395600449445888",NA,"<a href=""http://www.apple.com"" rel=""nofollow"">iOS</a>","LaPollaJames",0,FALSE,FALSE,NA,NA
"This seems like a very controversial topic #POL241
Will California's governor approve a right to die? http://t.co/8yk82rp2Fe via @TIME",FALSE,1,NA,2015-09-14 01:20:17,FALSE,NA,"643232769292767232",NA,"<a href=""http://twitter.com"" rel=""nofollow"">Twitter Web Client</a>","jamie_kolthoff",0,FALSE,FALSE,NA,NA
"Hopefully it doesn't happen again #POL241 http://t.co/N8LTfTGwmi",FALSE,0,NA,2015-09-14 01:00:03,FALSE,NA,"643227676296237056",NA,"<a href=""http://login.foxnews.com"" rel=""nofollow"">FOX News Login</a>","jamie_kolthoff",0,FALSE,FALSE,NA,NA
"Wow! #POL351  https://t.co/OaWbtezlmw",FALSE,0,NA,2015-09-14 00:06:14,FALSE,NA,"643214135208116224",NA,"<a href=""http://twitter.com/download/iphone"" rel=""nofollow"">Twitter for iPhone</a>","JeremyMcQueen24",0,FALSE,FALSE,NA,NA
"I'm glad that this officer is off of the streets and cannot harass anyone else. #POL351  https://t.co/T5LNa1sULc",FALSE,1,NA,2015-09-13 22:05:27,FALSE,NA,"643183736897441792",NA,"<a href=""http://twitter.com/download/iphone"" rel=""nofollow"">Twitter for iPhone</a>","JeremyMcQueen24",0,FALSE,FALSE,NA,NA
"The Iran deal is not good in my opinion and needed to be rejected. #POL351  https://t.co/qIxrI3jcY1",FALSE,0,NA,2015-09-13 22:02:55,FALSE,NA,"643183102022561792",NA,"<a href=""http://twitter.com/download/iphone"" rel=""nofollow"">Twitter for iPhone</a>","JeremyMcQueen24",0,FALSE,FALSE,NA,NA
"If he doesn't win the democratic spot in the running, I'm gonna cry, his arguments are on point Ì†ΩÌ±èÌ†ΩÌ±è #pol241 https://t.co/NdqATI0bfP",FALSE,0,NA,2015-09-13 17:12:56,FALSE,NA,"643110121594355713",NA,"<a href=""http://twitter.com/download/android"" rel=""nofollow"">Twitter for Android</a>","AtalieSofia",0,FALSE,FALSE,NA,NA
"This is why restrictions on guns are needed #POL241  https://t.co/9BjOWoQNRL",FALSE,0,NA,2015-09-13 17:08:13,FALSE,NA,"643108935680040960",NA,"<a href=""http://twitter.com/download/iphone"" rel=""nofollow"">Twitter for iPhone</a>","CodyShagovac",0,FALSE,FALSE,NA,NA
"Religious component of this proposed bill is similar to exercise and establishment cases. #POL353 http://t.co/Wy2e8e1ZYl",FALSE,0,NA,2015-09-13 16:45:16,FALSE,NA,"643103159397785600",NA,"<a href=""http://twitter.com"" rel=""nofollow"">Twitter Web Client</a>","Cassady_Willi",0,FALSE,FALSE,NA,NA
"People shouldn't be living on less than minimum wage per day. It's inhumane. #pol241 https://t.co/mLoRVwhtgk",FALSE,0,NA,2015-09-12 20:27:32,FALSE,NA,"642796708120915972",NA,"<a href=""http://twitter.com/download/android"" rel=""nofollow"">Twitter for Android</a>","AtalieSofia",0,FALSE,FALSE,NA,NA
"This is good for individuals who can't live with pain anymore #POL241  https://t.co/JNzCmCUkpq",FALSE,0,NA,2015-09-12 17:58:58,FALSE,NA,"642759320506118144",NA,"<a href=""http://twitter.com/download/iphone"" rel=""nofollow"">Twitter for iPhone</a>","CodyShagovac",0,FALSE,FALSE,NA,NA
"Why urban violence is so much more than guns, gun laws, and policing. We NEED to change the conversation. #POL353 https://t.co/bANJRI7a6a",FALSE,0,NA,2015-09-12 14:53:54,FALSE,NA,"642712746644144128",NA,"<a href=""http://twitter.com"" rel=""nofollow"">Twitter Web Client</a>","frannyblack4",0,FALSE,FALSE,NA,NA
"And I can insist that the sky is green, but we would all know I'm lying #pol241 https://t.co/SJuDXWW3lh",FALSE,0,NA,2015-09-12 14:42:50,FALSE,NA,"642709960288133120",NA,"<a href=""http://twitter.com/download/android"" rel=""nofollow"">Twitter for Android</a>","AtalieSofia",0,FALSE,FALSE,NA,NA
"RT @bangowitz: Kentucky Clerk defies court, denies same-sex couples marriage licenses, hearing set. http://t.co/RXUcX1URqe #POL351",FALSE,0,NA,2015-09-12 05:30:36,FALSE,NA,"642570987318419456",NA,"<a href=""http://twitter.com"" rel=""nofollow"">Twitter Web Client</a>","RollsRoyceSex",1,TRUE,FALSE,NA,NA
"Women in the Navy #POL351 http://t.co/QG3htxiV3r",FALSE,1,NA,2015-09-11 23:42:15,FALSE,NA,"642483322296385536",NA,"<a href=""http://twitter.com"" rel=""nofollow"">Twitter Web Client</a>","ShannonLaGassa",0,FALSE,FALSE,NA,NA
"http://t.co/0GS80ugxTj A lot of unanswered questions #POL351",FALSE,0,NA,2015-09-11 23:29:15,FALSE,NA,"642480051422928896",NA,"<a href=""http://twitter.com"" rel=""nofollow"">Twitter Web Client</a>","ShannonLaGassa",0,FALSE,FALSE,NA,NA
"http://t.co/ZC3bGt3cr6 More on the presidential campaign #POL351",FALSE,0,NA,2015-09-11 23:25:44,FALSE,NA,"642479165007114240",NA,"<a href=""http://twitter.com"" rel=""nofollow"">Twitter Web Client</a>","ShannonLaGassa",0,FALSE,FALSE,NA,NA
"http://t.co/xfDBEUoBGX California legislature approves assisted suicide #POL351",FALSE,0,NA,2015-09-11 23:23:46,FALSE,NA,"642478670423175168",NA,"<a href=""http://twitter.com"" rel=""nofollow"">Twitter Web Client</a>","ShannonLaGassa",0,FALSE,FALSE,NA,NA
"Why would you steal a lawn chair? seriously why. #POL351",FALSE,0,NA,2015-09-11 21:01:17,FALSE,NA,"642442812689133568",NA,"<a href=""http://twitter.com/download/android"" rel=""nofollow"">Twitter for Android</a>","NathanCoyne1",0,FALSE,FALSE,NA,NA
"The U.S has to send more aid to Syria and I completely agree http://t.co/i9pUAd0ev7 #POL351",FALSE,1,NA,2015-09-11 20:41:15,FALSE,NA,"642437772863741952",NA,"<a href=""http://twitter.com/download/iphone"" rel=""nofollow"">Twitter for iPhone</a>","JeremyMcQueen24",0,FALSE,FALSE,NA,NA
"‚Äú@FoxNews: .@RealBenCarson
https://t.co/52Xf3rBCdu‚Äù I usually agree Ben Carson but I don't agree with his stance on body cameras #POL241",FALSE,0,"FoxNews",2015-09-11 20:26:23,FALSE,"642411203189301248","642434029401325568","1367531","<a href=""http://twitter.com/download/iphone"" rel=""nofollow"">Twitter for iPhone</a>","rosemk97",0,FALSE,FALSE,NA,NA
"Does privacy outweigh security? #POL353 http://t.co/dq3XovPRmc",FALSE,0,NA,2015-09-11 18:59:27,FALSE,NA,"642412153002160128",NA,"<a href=""http://twitter.com"" rel=""nofollow"">Twitter Web Client</a>","sheilactimmons",0,FALSE,FALSE,NA,NA
"FBI makes a fake news story to plant surveillance software in an individual's computer. So much for privacy #POL353 http://t.co/I2NHrgsLjv",FALSE,0,NA,2015-09-11 18:08:06,FALSE,NA,"642399232884908032",NA,"<a href=""http://twitter.com"" rel=""nofollow"">Twitter Web Client</a>","AntoniaJosette",0,FALSE,FALSE,NA,NA
"Has America lost its respect for the freedom of religion? #POL353 http://t.co/lEljFOsOb4",FALSE,1,NA,2015-09-11 18:04:27,FALSE,NA,"642398313808007169",NA,"<a href=""http://twitter.com"" rel=""nofollow"">Twitter Web Client</a>","AntoniaJosette",0,FALSE,FALSE,NA,NA
"The Baltimore pastor marching for Freddie Gray arrested during a peaceful protest #POL353 http://t.co/QdMceQkqiB",FALSE,0,NA,2015-09-11 18:00:40,FALSE,NA,"642397358421053440",NA,"<a href=""http://twitter.com"" rel=""nofollow"">Twitter Web Client</a>","AntoniaJosette",0,FALSE,FALSE,NA,NA
"Reading this and similar articles, can we really say people have the inalienable right to possess guns? #POL353 http://t.co/SAxm2Hc3iM",FALSE,0,NA,2015-09-11 17:54:31,FALSE,NA,"642395812362911744",NA,"<a href=""http://twitter.com"" rel=""nofollow"">Twitter Web Client</a>","AntoniaJosette",0,FALSE,FALSE,NA,NA
"#POL351  https://t.co/rYXRvsvkp7",FALSE,0,NA,2015-09-11 17:53:17,FALSE,NA,"642395501908914176",NA,"<a href=""http://twitter.com/download/iphone"" rel=""nofollow"">Twitter for iPhone</a>","J_Melfi",0,FALSE,FALSE,NA,NA
"Other politicians who have affairs face far less consequences - is this punishment just? #POL241 http://t.co/H2dGuwSeqL",FALSE,1,NA,2015-09-11 17:00:10,FALSE,NA,"642382134401990656",NA,"<a href=""http://twitter.com"" rel=""nofollow"">Twitter Web Client</a>","soltofbc",0,FALSE,FALSE,NA,NA
"Scare Headlines Exaggerated The U.S. Crime Wave #POL351 http://t.co/rs18jXLTTd",FALSE,0,NA,2015-09-11 16:49:40,FALSE,NA,"642379494548996096",NA,"<a href=""http://twitter.com"" rel=""nofollow"">Twitter Web Client</a>","soltofbc",0,FALSE,FALSE,NA,NA
"Most of us just accept this is how the world is, but it wasn't always the case #POL241 #POL351 #POL353 https://t.co/F9EVqRqMxy",FALSE,0,NA,2015-09-11 16:03:02,FALSE,NA,"642367758055948288",NA,"<a href=""http://twitter.com"" rel=""nofollow"">Twitter Web Client</a>","soltofbc",0,FALSE,FALSE,NA,NA
"@CodyShagovac @emilyklienhenz of course they still depend on other government officials to take action. unlikely in certain areas #POL241",FALSE,0,"CodyShagovac",2015-09-11 16:01:22,FALSE,"642346717829013504","642367337702756352","194364675","<a href=""http://twitter.com"" rel=""nofollow"">Twitter Web Client</a>","soltofbc",0,FALSE,FALSE,NA,NA
"@CodyShagovac @emilyklienhenz depends on the official. sometimes impeachment or other disciplinary processes exist #POL241",FALSE,0,"CodyShagovac",2015-09-11 16:00:51,FALSE,"642346717829013504","642367208639889409","194364675","<a href=""http://twitter.com"" rel=""nofollow"">Twitter Web Client</a>","soltofbc",0,FALSE,FALSE,NA,NA
"@emilyklienhenz understandable! @soltofbc is there anything other then jail that we can do to these corrupt government officials #POL241",FALSE,0,"emilyklienhenz",2015-09-11 14:39:26,FALSE,"642334587067219968","642346717829013504","1646725075","<a href=""http://twitter.com/download/iphone"" rel=""nofollow"">Twitter for iPhone</a>","CodyShagovac",0,FALSE,FALSE,NA,NA
"@CodyShagovac @USATODAY #POL241",FALSE,0,"Molinamd44",2015-09-11 14:00:51,FALSE,"642336763139235840","642337009659420672","3458804662","<a href=""http://twitter.com/download/iphone"" rel=""nofollow"">Twitter for iPhone</a>","Molinamd44",0,FALSE,FALSE,NA,NA
"I think everyone should know what is in the Constitution.  #POL241 https://t.co/LKnABJiHLl",FALSE,0,NA,2015-09-11 13:52:14,FALSE,NA,"642334839711100928",NA,"<a href=""http://twitter.com/download/android"" rel=""nofollow"">Twitter for Android</a>","emilyklienhenz",0,FALSE,FALSE,NA,NA
"@CodyShagovac @USATODAY  I agree. After all it is their job. They should get fired or leave, if they are not willing to do their job #POL241",FALSE,0,"CodyShagovac",2015-09-11 13:51:14,FALSE,"642153992433352705","642334587067219968","194364675","<a href=""http://twitter.com/download/android"" rel=""nofollow"">Twitter for Android</a>","emilyklienhenz",0,FALSE,FALSE,NA,NA
"#pol241 #pol351 https://t.co/gbQHKPXhyD",FALSE,0,NA,2015-09-11 12:51:07,FALSE,NA,"642319458644660224",NA,"<a href=""http://twitter.com/download/android"" rel=""nofollow"">Twitter for Android</a>","soltofbc",0,FALSE,FALSE,NA,NA
"I don't see how the ""reality"" that black people are more violent explains away the disproportionate amount of black deaths #POL351",FALSE,0,NA,2015-09-11 02:33:36,FALSE,NA,"642164056242188292",NA,"<a href=""http://twitter.com"" rel=""nofollow"">Twitter Web Client</a>","KofiPoliSci351A",0,FALSE,FALSE,NA,NA
"My main takeaway from class August 27th, 2015: Statistics about fatalities carry far more weight than those about misdemeanors(cont) #POL351",FALSE,0,NA,2015-09-11 02:25:45,FALSE,NA,"642162078673973248",NA,"<a href=""http://twitter.com"" rel=""nofollow"">Twitter Web Client</a>","KofiPoliSci351A",0,FALSE,FALSE,NA,NA
"http://t.co/gfFRVzwNxS #POL353",FALSE,0,NA,2015-09-11 02:02:45,FALSE,NA,"642156293759889408",NA,"<a href=""http://twitter.com/download/iphone"" rel=""nofollow"">Twitter for iPhone</a>","Barrett2215",0,FALSE,FALSE,NA,NA
"""@mashablegif: At least the ball is inflated enough to bounce when GRONKSPIKED. 14-0 @Patriots. http://t.co/zwUqBXKc5m"" #POL353",FALSE,0,NA,2015-09-11 01:59:50,FALSE,NA,"642155557911195648",NA,"<a href=""http://twitter.com/download/iphone"" rel=""nofollow"">Twitter for iPhone</a>","Barrett2215",0,FALSE,FALSE,NA,NA
"#POL241 I'm sick of these Government officials that think they can defy the law! https://t.co/kOMbv0KG2L",FALSE,0,NA,2015-09-11 01:53:37,FALSE,NA,"642153992433352705",NA,"<a href=""http://twitter.com/download/iphone"" rel=""nofollow"">Twitter for iPhone</a>","CodyShagovac",0,FALSE,FALSE,NA,NA
"Iran nuclear deal survives: Democrats block disapproval vote  via the @FoxNews App #pol353 http://t.co/x1OAusxHVS",FALSE,0,NA,2015-09-10 21:39:12,FALSE,NA,"642089968068784128",NA,"<a href=""http://www.apple.com"" rel=""nofollow"">iOS</a>","LaPollaJames",0,FALSE,FALSE,NA,NA
"With the pressure of the Iran Nuclear deal really starting to heat up, do you really know what it entails? #POL353 http://t.co/XoUSfwFqmq",FALSE,0,NA,2015-09-10 20:14:26,FALSE,NA,"642068634697900033",NA,"<a href=""http://twitter.com"" rel=""nofollow"">Twitter Web Client</a>","pjcalac",0,FALSE,FALSE,NA,NA
"John Boehner has faced many hurdles up to this point, is his time as speaker coming to an end? http://t.co/JDm0LwVrsC #Pol353",FALSE,0,NA,2015-09-10 20:07:52,FALSE,NA,"642066984067301377",NA,"<a href=""http://twitter.com"" rel=""nofollow"">Twitter Web Client</a>","pjcalac",0,FALSE,FALSE,NA,NA
"http://t.co/9PYsacEcHu Freedom of religion does not mean the right to deny equality to others, MLK would turn in his grave
#pol353",FALSE,1,NA,2015-09-10 20:00:05,FALSE,NA,"642065026287824896",NA,"<a href=""http://twitter.com"" rel=""nofollow"">Twitter Web Client</a>","sjoseph843",0,FALSE,FALSE,NA,NA
"http://t.co/RrbARLxcif A parent should never bury his kid, but will stricter gun laws prevent criminals from committing crimes? #pol353",FALSE,0,NA,2015-09-10 19:53:26,FALSE,NA,"642063352718565376",NA,"<a href=""http://twitter.com"" rel=""nofollow"">Twitter Web Client</a>","sjoseph843",0,FALSE,FALSE,NA,NA
"There are numerous down falls to raising min wage as well, INFLATION. #pol353 https://t.co/jZwzu0JxVl",FALSE,1,NA,2015-09-10 19:43:04,FALSE,NA,"642060740124364800",NA,"<a href=""http://twitter.com"" rel=""nofollow"">Twitter Web Client</a>","b_ritttt7",0,FALSE,FALSE,NA,NA
"What's the reality of something like this being possible, slim to none.. #POL353  https://t.co/4mYUw5XlHX",FALSE,0,NA,2015-09-10 19:37:53,FALSE,NA,"642059436824129536",NA,"<a href=""http://twitter.com"" rel=""nofollow"">Twitter Web Client</a>","b_ritttt7",0,FALSE,FALSE,NA,NA
"What's everyone's opinions on the Iran Deal? #POL353",FALSE,0,NA,2015-09-10 19:34:53,FALSE,NA,"642058681421561857",NA,"<a href=""http://twitter.com"" rel=""nofollow"">Twitter Web Client</a>","b_ritttt7",0,FALSE,FALSE,NA,NA
"http://t.co/MlzTudUIQP Establishment Clause? #POL353",FALSE,0,NA,2015-09-10 19:33:06,FALSE,NA,"642058233692221441",NA,"<a href=""http://twitter.com"" rel=""nofollow"">Twitter Web Client</a>","b_ritttt7",0,FALSE,FALSE,NA,NA
"Good (though admittedly biased) discussion of standards of review in college sex-assault hearings #POL351 http://t.co/9CUPiu9EXS",FALSE,0,NA,2015-09-10 19:31:33,FALSE,NA,"642057842959196161",NA,"<a href=""http://twitter.com"" rel=""nofollow"">Twitter Web Client</a>","soltofbc",0,FALSE,FALSE,NA,NA
"http://t.co/rsCiLjMuuT another battle of the branches? #pol353",FALSE,0,NA,2015-09-10 19:30:32,FALSE,NA,"642057588830511105",NA,"<a href=""http://twitter.com"" rel=""nofollow"">Twitter Web Client</a>","sjoseph843",0,FALSE,FALSE,NA,NA
"Ben Carson makes some questionable remarks regarding religious freedom
http://t.co/6Y7seGCYcU
#POL353",FALSE,0,NA,2015-09-10 19:29:26,FALSE,NA,"642057310668500992",NA,"<a href=""http://twitter.com"" rel=""nofollow"">Twitter Web Client</a>","cumminpr",0,FALSE,FALSE,NA,NA
"http://t.co/hwOwh8JExZ This is the type of people that we are negotiating with, how long until he foresees America's destruction? #pol353",FALSE,0,NA,2015-09-10 19:15:40,FALSE,NA,"642053846316019712",NA,"<a href=""http://twitter.com"" rel=""nofollow"">Twitter Web Client</a>","sjoseph843",0,FALSE,FALSE,NA,NA
"@VP minimum wage hikes have caused some McDonald's locations to adopt touch screen ordering in response #pol353",FALSE,0,"VP",2015-09-10 19:13:50,FALSE,"642048219531341824","642053384846094336","325830217","<a href=""http://twitter.com/download/iphone"" rel=""nofollow"">Twitter for iPhone</a>","Barrett2215",0,FALSE,FALSE,NA,NA
"http://t.co/6H0eSY4jrN Sanders is really coming on strong. He may end up pushing Hillary farther left #POL353",FALSE,0,NA,2015-09-10 19:09:15,FALSE,NA,"642052230405849088",NA,"<a href=""http://twitter.com"" rel=""nofollow"">Twitter Web Client</a>","B_rad41",0,FALSE,FALSE,NA,NA
"http://t.co/NQx07FKlCZ Another empty threat from Iran. I wonder if this will have any effect on the recent deal #POL353",FALSE,0,NA,2015-09-10 19:07:25,FALSE,NA,"642051768944324608",NA,"<a href=""http://twitter.com"" rel=""nofollow"">Twitter Web Client</a>","B_rad41",0,FALSE,FALSE,NA,NA
"http://t.co/ubEYfHU8xx Messy situation in Guatemala. It'll be interesting to see where things go from here. #POL353",FALSE,0,NA,2015-09-10 19:05:53,FALSE,NA,"642051386520272896",NA,"<a href=""http://twitter.com"" rel=""nofollow"">Twitter Web Client</a>","B_rad41",0,FALSE,FALSE,NA,NA
"Former Virginia Gov. Bob McDonnell seeking Supreme Court review @CNNPolitics http://t.co/rHgpVUuE4r #pol353",FALSE,0,NA,2015-09-10 19:04:05,FALSE,NA,"642050932029681664",NA,"<a href=""http://twitter.com"" rel=""nofollow"">Twitter Web Client</a>","lehnernf",0,FALSE,FALSE,NA,NA
"http://t.co/KJXsai0OVe  Since when is it someone's civil right to not do her job? #POL353",FALSE,0,NA,2015-09-10 19:03:27,FALSE,NA,"642050771182354432",NA,"<a href=""http://twitter.com"" rel=""nofollow"">Twitter Web Client</a>","B_rad41",0,FALSE,FALSE,NA,NA
"http://t.co/PASXexdvdl
Strong words from a man that tried so hard to be friendly with the U.S./Obama. #pol353",FALSE,0,NA,2015-09-10 19:03:23,FALSE,NA,"642050754375757824",NA,"<a href=""http://twitter.com"" rel=""nofollow"">Twitter Web Client</a>","lehnernf",0,FALSE,FALSE,NA,NA
"http://t.co/F597hASExO While I hate Socialism, Bernie Sanders does seem to be a man of the people as he walks the streets of DC #pol353",FALSE,0,NA,2015-09-10 18:59:47,FALSE,NA,"642049847818911744",NA,"<a href=""http://twitter.com"" rel=""nofollow"">Twitter Web Client</a>","alfanopolysci",0,FALSE,FALSE,NA,NA
"http://t.co/re0Yd3rBwl Is a school prayer board in a classroom a violation of the separation between Church and State? #POL353",FALSE,0,NA,2015-09-10 18:59:01,FALSE,NA,"642049656638316545",NA,"<a href=""http://twitter.com"" rel=""nofollow"">Twitter Web Client</a>","B_rad41",0,FALSE,FALSE,NA,NA
"http://t.co/7YhMXDaf1J Will Biden run for president? Hopefully not... #pol353",FALSE,0,NA,2015-09-10 18:56:05,FALSE,NA,"642048917228650496",NA,"<a href=""http://twitter.com"" rel=""nofollow"">Twitter Web Client</a>","alfanopolysci",0,FALSE,FALSE,NA,NA
"http://t.co/83gSKwh2ws great article about the seperation of church and state, including an interesting take on the Lemon test #pol353",FALSE,0,NA,2015-09-10 18:52:30,FALSE,NA,"642048015235215361",NA,"<a href=""http://twitter.com"" rel=""nofollow"">Twitter Web Client</a>","alfanopolysci",0,FALSE,FALSE,NA,NA
"http://t.co/Ofbty9wfJc
How do we separate religious issues from those of civil rights? #POL353",FALSE,0,NA,2015-09-10 18:44:57,FALSE,NA,"642046116406628352",NA,"<a href=""http://twitter.com"" rel=""nofollow"">Twitter Web Client</a>","AntoniaJosette",0,FALSE,FALSE,NA,NA
"Thought the ACA was settled constitutional law? Think again. #POL353 http://t.co/wf9lhKxKq0",FALSE,0,NA,2015-09-10 18:09:49,FALSE,NA,"642037276202156033",NA,"<a href=""http://twitter.com"" rel=""nofollow"">Twitter Web Client</a>","frannyblack4",0,FALSE,FALSE,NA,NA
"""There is no God but Allah"" http://t.co/NxgE1D2ey7 #POL353",FALSE,0,NA,2015-09-10 18:09:36,FALSE,NA,"642037219302219777",NA,"<a href=""http://twitter.com"" rel=""nofollow"">Twitter Web Client</a>","Barrett2215",0,FALSE,FALSE,NA,NA
"#pol241 - Are we really letting this man run for our highest position in our Government?  Aren't 51% of us women? https://t.co/wblR24RNaE",FALSE,0,NA,2015-09-10 17:03:11,FALSE,NA,"642020506682662912",NA,"<a href=""http://twitter.com"" rel=""nofollow"">Twitter Web Client</a>","AtalieSofia",0,FALSE,FALSE,NA,NA
"From the Washington Post: Key excerpts on religious liberty from the Supreme Court‚Äôs decision on gay marriage http://t.co/J2ZokYCrUA #POL353",FALSE,0,NA,2015-09-10 16:56:56,FALSE,NA,"642018932770111488",NA,"<a href=""http://twitter.com"" rel=""nofollow"">Twitter Web Client</a>","bangowitz",0,FALSE,FALSE,NA,NA
"@FoxNews @tedcruz agreed, were funding our own downfall #POL241",FALSE,0,"FoxNews",2015-09-10 16:32:22,FALSE,"641804621950922752","642012749657153536","1367531","<a href=""http://twitter.com/download/iphone"" rel=""nofollow"">Twitter for iPhone</a>","ejacobs97",0,FALSE,FALSE,NA,NA
"Funny guy! 
Mike Huckabee Thinks He Knows The Constitution Better Than The Supreme Court http://t.co/epPipAlebE via @HuffPostPol #POL353",FALSE,0,NA,2015-09-10 16:12:45,FALSE,NA,"642007813330481152",NA,"<a href=""http://twitter.com/download/android"" rel=""nofollow"">Twitter for Android</a>","nate_johansen",0,FALSE,FALSE,NA,NA
"@FoxNews @SenTedCruz #POL241",FALSE,0,"ejacobs97",2015-09-10 16:10:08,FALSE,"642006239287840768","642007154627596288","1142336846","<a href=""http://twitter.com/download/iphone"" rel=""nofollow"">Twitter for iPhone</a>","ejacobs97",0,FALSE,FALSE,NA,NA
"@NathanCoyne1: Is a Corporation liable for the actions of an employee done in its name? #POL351 http://t.co/ngaiqwaJPT",FALSE,0,"NathanCoyne1",2015-09-10 16:09:31,FALSE,NA,"642007002613460993","402205916","<a href=""http://twitter.com/#!/download/ipad"" rel=""nofollow"">Twitter for iPad</a>","NathanCoyne1",0,FALSE,FALSE,NA,NA
"@NathanCoyne1 yes #POL351",FALSE,1,"NathanCoyne1",2015-09-10 15:49:36,FALSE,"641846583496212481","642001986519482368","402205916","<a href=""http://twitter.com"" rel=""nofollow"">Twitter Web Client</a>","soltofbc",0,FALSE,FALSE,NA,NA
"@Peter007Brown no ""enhanced senses"" needed here #POL351",FALSE,0,"Peter007Brown",2015-09-10 15:49:06,FALSE,"641849762258530305","642001863295008768","3453673755","<a href=""http://twitter.com"" rel=""nofollow"">Twitter Web Client</a>","soltofbc",0,FALSE,FALSE,NA,NA
"#pol241 are officers getting a fair trial? not that they deserve it anyways https://t.co/WazdDAmwJR",FALSE,0,NA,2015-09-10 15:48:35,FALSE,NA,"642001732357234688",NA,"<a href=""http://twitter.com"" rel=""nofollow"">Twitter Web Client</a>","madi1056",0,FALSE,FALSE,NA,NA
"RT soltofbc: Interesting #dataviz of web searches and gay marriage. Are there limitations to this data? #POL241 http://t.co/9yhFx8y5It",FALSE,0,NA,2015-09-10 15:48:29,FALSE,NA,"642001706373509120",NA,"<a href=""http://ifttt.com"" rel=""nofollow"">IFTTT</a>","ClearGrip",0,FALSE,FALSE,NA,NA
"RT @sarahknepp: Eye-opening look into the application of the Fourth Amendment and Bill of Rights in post-9/11 era #POL351 http://t.co/1W9hY‚Ä¶",FALSE,0,NA,2015-09-10 15:48:24,FALSE,NA,"642001687419482112",NA,"<a href=""http://twitter.com"" rel=""nofollow"">Twitter Web Client</a>","soltofbc",1,TRUE,FALSE,NA,NA
"@rosemk97 you would have enjoyed the debate in #POL353 last Tuesday. Good discussion of the law and politics behind the situation #POL241",FALSE,1,"rosemk97",2015-09-10 15:47:44,FALSE,"641657338349400064","642001518137344001","3452522896","<a href=""http://twitter.com"" rel=""nofollow"">Twitter Web Client</a>","soltofbc",0,FALSE,FALSE,NA,NA
"@ethompson477 included near unanimous support in both chambers #POL241 https://t.co/EW0aiZGD6W",FALSE,0,"soltofbc",2015-09-10 15:46:15,FALSE,"642001028565606401","642001144731074560","3234588499","<a href=""http://twitter.com"" rel=""nofollow"">Twitter Web Client</a>","soltofbc",0,FALSE,FALSE,NA,NA
"Imagine our president in office for 63 years, 7 months and 5 days+ #POL241 http://t.co/IrtlyUcdwO",FALSE,0,NA,2015-09-10 15:46:03,FALSE,NA,"642001096874008576",NA,"<a href=""http://twitter.com"" rel=""nofollow"">Twitter Web Client</a>","xoSai",0,FALSE,FALSE,NA,NA
"@ethompson477 but the #GOP agreed to the rules. They could have demanded majority support, but chose not to #POL241 http://t.co/718ST6obYu",FALSE,1,"ethompson477",2015-09-10 15:45:47,FALSE,"641798981706719233","642001028565606401","809131988","<a href=""http://twitter.com"" rel=""nofollow"">Twitter Web Client</a>","soltofbc",0,FALSE,FALSE,NA,NA
"@politicsmiami15 should we be surprised by anything this electoral cycle? #POL241",FALSE,0,"politicsmiami15",2015-09-10 15:43:03,FALSE,"641972643323842561","642000339370160128","3440174242","<a href=""http://twitter.com"" rel=""nofollow"">Twitter Web Client</a>","soltofbc",0,FALSE,FALSE,NA,NA
"RT @jamie_kolthoff: Helps to put in perspective how big the problem is #POL241
The Scale of the Migrant Crisis, From 160 to Millions http:/‚Ä¶",FALSE,0,NA,2015-09-10 15:42:32,FALSE,NA,"642000210563067904",NA,"<a href=""http://twitter.com"" rel=""nofollow"">Twitter Web Client</a>","soltofbc",1,TRUE,FALSE,NA,NA
"Refusing to accept medical treatment is legal but I think this is a little much #POL353 https://t.co/hWJnpXVGfy",FALSE,0,NA,2015-09-10 15:42:06,FALSE,NA,"642000099330117633",NA,"<a href=""http://twitter.com"" rel=""nofollow"">Twitter Web Client</a>","b_ritttt7",0,FALSE,FALSE,NA,NA
".@ethompson477 how is this happening? Can anyone explain why he garners such high levels of support? #POL241",FALSE,0,"ethompson477",2015-09-10 15:41:42,FALSE,"641989209302147073","641999998767505408","809131988","<a href=""http://twitter.com"" rel=""nofollow"">Twitter Web Client</a>","soltofbc",0,FALSE,FALSE,NA,NA
"He should have acted on the bill through the view of the majority, no big business. #POL241 https://t.co/BabH2EmHtu",FALSE,0,NA,2015-09-10 15:39:49,FALSE,NA,"641999527977844736",NA,"<a href=""http://twitter.com"" rel=""nofollow"">Twitter Web Client</a>","xoSai",0,FALSE,FALSE,NA,NA
"Interesting #dataviz of web searches and gay marriage. Are there limitations to this data? #POL241 http://t.co/LW0btWYtlW",FALSE,0,NA,2015-09-10 15:39:08,FALSE,NA,"641999354719567872",NA,"<a href=""http://twitter.com"" rel=""nofollow"">Twitter Web Client</a>","soltofbc",0,FALSE,FALSE,NA,NA
"Excessive use of force, or racial profiling? Or possibly a perfectly legitimate arrest? #POL351 http://t.co/RVrTbsFqe0",FALSE,0,NA,2015-09-10 15:36:50,FALSE,NA,"641998777189072896",NA,"<a href=""http://twitter.com"" rel=""nofollow"">Twitter Web Client</a>","soltofbc",0,FALSE,FALSE,NA,NA
"Even with the dumb things he says his support continues to rise #POL241  https://t.co/C0yuTyv7yg",FALSE,0,NA,2015-09-10 14:58:49,FALSE,NA,"641989209302147073",NA,"<a href=""http://twitter.com/download/iphone"" rel=""nofollow"">Twitter for iPhone</a>","ethompson477",0,FALSE,FALSE,NA,NA
"Helps to put in perspective how big the problem is #POL241
The Scale of the Migrant Crisis, From 160 to Millions http://t.co/DPzm4axpIN",FALSE,0,NA,2015-09-10 14:41:01,FALSE,NA,"641984730821455872",NA,"<a href=""http://twitter.com"" rel=""nofollow"">Twitter Web Client</a>","jamie_kolthoff",1,FALSE,FALSE,NA,NA
"http://t.co/A2Xo2CS9AD
 Antonio Zambrano-Montes, a 35-year-old Mexican shot 17 times by police. What are our thoughts? #pol351",FALSE,0,NA,2015-09-10 14:07:01,FALSE,NA,"641976172419633152",NA,"<a href=""http://twitter.com"" rel=""nofollow"">Twitter Web Client</a>","randrews220",0,FALSE,FALSE,NA,NA
"http://t.co/fIhXPuvrDG Hard to imagine given everything that Trump has said about Carson. #pol241",FALSE,0,NA,2015-09-10 13:53:00,FALSE,NA,"641972643323842561",NA,"<a href=""http://twitter.com"" rel=""nofollow"">Twitter Web Client</a>","politicsmiami15",0,FALSE,FALSE,NA,NA
"Is a Corporation liable for the actions of an employee done in its name? #POL351",FALSE,0,NA,2015-09-10 13:52:20,FALSE,NA,"641972475631415296",NA,"<a href=""http://twitter.com/download/android"" rel=""nofollow"">Twitter for Android</a>","NathanCoyne1",0,FALSE,FALSE,NA,NA
"@BrittNicole2019 #POL351",FALSE,0,"BrittNicole2019",2015-09-10 13:50:01,FALSE,"641971680068411392","641971893134823424","3450233296","<a href=""https://mobile.twitter.com"" rel=""nofollow"">Mobile Web (M5)</a>","BrittNicole2019",0,FALSE,FALSE,NA,NA
"http://t.co/7jPNgY8VKe

Most people our age probably don't know much about Bernie Sanders, but he's the up and commer #pol241",FALSE,0,NA,2015-09-10 13:36:48,FALSE,NA,"641968567190192128",NA,"<a href=""http://twitter.com"" rel=""nofollow"">Twitter Web Client</a>","politicsmiami15",0,FALSE,FALSE,NA,NA
"Is Hillary in trouble #POL351 https://t.co/B5hR63CGZy",FALSE,0,NA,2015-09-10 13:31:52,FALSE,NA,"641967325110009856",NA,"<a href=""http://twitter.com/download/iphone"" rel=""nofollow"">Twitter for iPhone</a>","J_Melfi",0,FALSE,FALSE,NA,NA
"Imagine if the president had an unlimited term? #pol241
Queen Elizabeth makes royal history http://t.co/C9kzatNmkU via @TIMEHistory",FALSE,0,NA,2015-09-10 13:08:11,FALSE,NA,"641961367512174592",NA,"<a href=""http://twitter.com"" rel=""nofollow"">Twitter Web Client</a>","madi1056",0,FALSE,FALSE,NA,NA
"Modern example of the SCOTUS ruling on what is a search and/or seizure and if it is protected by the 4th. http://t.co/pi2Sscwr62 #POL351",FALSE,0,NA,2015-09-10 12:49:31,FALSE,NA,"641956668390141953",NA,"<a href=""http://twitter.com"" rel=""nofollow"">Twitter Web Client</a>","bangowitz",0,FALSE,FALSE,NA,NA
"Eye-opening look into the application of the Fourth Amendment and Bill of Rights in post-9/11 era #POL351 http://t.co/1W9hYkHWOA",FALSE,0,NA,2015-09-10 12:42:15,FALSE,NA,"641954840726388736",NA,"<a href=""http://twitter.com"" rel=""nofollow"">Twitter Web Client</a>","sarahknepp",1,FALSE,FALSE,NA,NA
"Some parallels between the Civil Rights movement in the 1960s and current events, what about differences? #POL353 https://t.co/FxDlNkOkhX",FALSE,0,NA,2015-09-10 12:12:25,FALSE,NA,"641947330300768256",NA,"<a href=""http://twitter.com/download/iphone"" rel=""nofollow"">Twitter for iPhone</a>","sheilactimmons",0,FALSE,FALSE,NA,NA
"Interesting how Hollywood depictions have an effect on women's rights beyond the silver screen #POL353 https://t.co/TCyLuvEbuH",FALSE,0,NA,2015-09-10 12:06:16,FALSE,NA,"641945783886053376",NA,"<a href=""http://twitter.com/download/iphone"" rel=""nofollow"">Twitter for iPhone</a>","sheilactimmons",0,FALSE,FALSE,NA,NA
"Will be interesting to see how this plays out #POL353  https://t.co/B1BEMA361G",FALSE,0,NA,2015-09-10 11:41:56,FALSE,NA,"641939658960711680",NA,"<a href=""http://twitter.com/download/iphone"" rel=""nofollow"">Twitter for iPhone</a>","sheilactimmons",0,FALSE,FALSE,NA,NA
"Can judges essentially help contribute to a case's outcome based on defense attorney selection? #POL351  https://t.co/o6DEuTGRuZ",FALSE,0,NA,2015-09-10 11:02:00,FALSE,NA,"641929612621164544",NA,"<a href=""http://twitter.com/download/iphone"" rel=""nofollow"">Twitter for iPhone</a>","sarahknepp",0,FALSE,FALSE,NA,NA
"@soltofbc  Professor, under smith test gov can restrict religious practice if the law is a neutral/general app. NYS common core does #pol353",FALSE,0,"soltofbc",2015-09-10 07:02:22,FALSE,"641607742109650944","641869303663489024","3234588499","<a href=""http://twitter.com"" rel=""nofollow"">Twitter Web Client</a>","Peter007Brown",0,FALSE,FALSE,NA,NA
"Lloyd Wins Golden Ball as Top Player at World Cup http://t.co/fyb29YAne6 #POL241",FALSE,0,NA,2015-09-10 06:31:38,FALSE,NA,"641861569626943489",NA,"<a href=""http://twitter.com"" rel=""nofollow"">Twitter Web Client</a>","oliviazzzjy",0,FALSE,FALSE,NA,NA
"Four Killed in Nepal Constitution Protests http://t.co/JQEHZgrZK7 #POL241",FALSE,0,NA,2015-09-10 06:29:18,FALSE,NA,"641860983191961600",NA,"<a href=""http://twitter.com"" rel=""nofollow"">Twitter Web Client</a>","oliviazzzjy",0,FALSE,FALSE,NA,NA
"Concerns New Thai Constitution Will Stifle Democracy http://t.co/ziLZ6COmEz #POL241",FALSE,0,NA,2015-09-10 06:28:51,FALSE,NA,"641860872583909376",NA,"<a href=""http://twitter.com"" rel=""nofollow"">Twitter Web Client</a>","oliviazzzjy",0,FALSE,FALSE,NA,NA
"Nepal Says Will Not Let Protests Derail Constitution http://t.co/07MzqOJPjK  #POL241",FALSE,0,NA,2015-09-10 06:27:54,FALSE,NA,"641860633068204032",NA,"<a href=""http://twitter.com"" rel=""nofollow"">Twitter Web Client</a>","oliviazzzjy",0,FALSE,FALSE,NA,NA
"Should public schools cover world religions as part of the curriculum? Historically they're pretty important #POL353 https://t.co/sbrUVkqAOP",FALSE,0,NA,2015-09-10 06:27:51,FALSE,NA,"641860619612876800",NA,"<a href=""http://twitter.com/download/iphone"" rel=""nofollow"">Twitter for iPhone</a>","laineeryann",0,FALSE,FALSE,NA,NA
"God vs. the Constitution in Kentucky http://t.co/wcYUhA1bj1 #POL241",FALSE,0,NA,2015-09-10 06:26:43,FALSE,NA,"641860335029383168",NA,"<a href=""http://twitter.com"" rel=""nofollow"">Twitter Web Client</a>","oliviazzzjy",0,FALSE,FALSE,NA,NA
"Room for Debate: Japan's Military Reforms Are Long Overdue http://t.co/IuNub3G8wH  #POL241",FALSE,0,NA,2015-09-10 06:26:22,FALSE,NA,"641860247762694145",NA,"<a href=""http://twitter.com"" rel=""nofollow"">Twitter Web Client</a>","oliviazzzjy",0,FALSE,FALSE,NA,NA
"I would be upset too #POL353  https://t.co/36DVeadOm1",FALSE,0,NA,2015-09-10 06:26:00,FALSE,NA,"641860154179354624",NA,"<a href=""http://twitter.com/download/iphone"" rel=""nofollow"">Twitter for iPhone</a>","laineeryann",0,FALSE,FALSE,NA,NA
"‚ÄòLet‚Äôs Give Up on the Constitution‚Äô and ‚ÄòThe Constitution of the United States‚Äô http://t.co/gCnmZmOQZ5 via @NYTimesLearning  #POL241",FALSE,0,NA,2015-09-10 06:25:25,FALSE,NA,"641860008112750592",NA,"<a href=""http://twitter.com"" rel=""nofollow"">Twitter Web Client</a>","oliviazzzjy",0,FALSE,FALSE,NA,NA
"How should public schools navigate the fine line between government and religion? #POL353",FALSE,0,NA,2015-09-10 06:24:25,FALSE,NA,"641859755150036992",NA,"<a href=""http://twitter.com/download/iphone"" rel=""nofollow"">Twitter for iPhone</a>","laineeryann",0,FALSE,FALSE,NA,NA
"Will she continue to deny marriage licenses? #POL353 https://t.co/zXFwhYJHXX",FALSE,0,NA,2015-09-10 06:23:06,FALSE,NA,"641859421916807168",NA,"<a href=""http://twitter.com/download/iphone"" rel=""nofollow"">Twitter for iPhone</a>","laineeryann",0,FALSE,FALSE,NA,NA
"How do they compare to our LGBT laws? #POL353 https://t.co/VqtVVXrXp7",FALSE,0,NA,2015-09-10 06:21:40,FALSE,NA,"641859063056334848",NA,"<a href=""http://twitter.com/download/iphone"" rel=""nofollow"">Twitter for iPhone</a>","laineeryann",0,FALSE,FALSE,NA,NA
"#pol351 Judge rules that smell is considered probable cause under Plainview doctrine. http://t.co/VwR9w72Epn",FALSE,0,NA,2015-09-10 05:44:42,FALSE,NA,"641849762258530305",NA,"<a href=""http://twitter.com"" rel=""nofollow"">Twitter Web Client</a>","Peter007Brown",0,FALSE,FALSE,NA,NA
"The stop at the border of the US is deemed an inspection not a search? Is this an instance of Community Security&gt;Personal Privacy? #POL351",FALSE,0,NA,2015-09-10 05:43:21,FALSE,NA,"641849422364717059",NA,"<a href=""http://twitter.com"" rel=""nofollow"">Twitter Web Client</a>","autumn_harriger",0,FALSE,FALSE,NA,NA
"Would it be wrongful termination to fire a government employee who refused to do her job due to religious beliefs? #POL351",FALSE,0,NA,2015-09-10 05:33:25,FALSE,NA,"641846919036321792",NA,"<a href=""http://twitter.com/download/android"" rel=""nofollow"">Twitter for Android</a>","NathanCoyne1",0,FALSE,FALSE,NA,NA
"Am I doing this right? #POL351",FALSE,0,NA,2015-09-10 05:32:05,FALSE,NA,"641846583496212481",NA,"<a href=""http://twitter.com/download/android"" rel=""nofollow"">Twitter for Android</a>","NathanCoyne1",0,FALSE,FALSE,NA,NA
"Colbert's back! #POL351",FALSE,0,NA,2015-09-10 05:31:36,FALSE,NA,"641846465523003392",NA,"<a href=""http://twitter.com/download/android"" rel=""nofollow"">Twitter for Android</a>","NathanCoyne1",0,FALSE,FALSE,NA,NA
"Because of the 3rd Party Doctrine and the t/c you agree to on twitter, all your phone data is potentially within Gov reach #POL351",FALSE,0,NA,2015-09-10 05:23:59,FALSE,NA,"641844547803316224",NA,"<a href=""http://twitter.com/download/android"" rel=""nofollow"">Twitter for Android</a>","NathanCoyne1",0,FALSE,FALSE,NA,NA
"Sorry, I've been doing this twitter thing all wrong it seems. #POL351",FALSE,0,NA,2015-09-10 05:02:49,FALSE,NA,"641839218990411776",NA,"<a href=""http://twitter.com/download/android"" rel=""nofollow"">Twitter for Android</a>","NathanCoyne1",0,FALSE,FALSE,NA,NA
"By not imposing tougher punishments on celebrities, we're basically saying ""OK"" to these acts in the future #POL351 https://t.co/RpVGRCaDNj",FALSE,3,NA,2015-09-10 04:19:24,FALSE,NA,"641828292883021824",NA,"<a href=""http://twitter.com/download/iphone"" rel=""nofollow"">Twitter for iPhone</a>","sarahknepp",0,FALSE,FALSE,NA,NA
"A company has religious rights but Davis doesn't? Difference is that Davis represents the state #POL353 http://t.co/bxqgkXWfPF via @usatoday",FALSE,0,NA,2015-09-10 03:28:59,FALSE,NA,"641815603968405504",NA,"<a href=""http://twitter.com"" rel=""nofollow"">Twitter Web Client</a>","ChrisScheren",0,FALSE,FALSE,NA,NA
"While I agree with his motive, I don't see how this is legal under Kentucky state law #POL353 http://t.co/OFyAciljPz via @nbcnews",FALSE,0,NA,2015-09-10 03:20:33,FALSE,NA,"641813483433164800",NA,"<a href=""http://twitter.com"" rel=""nofollow"">Twitter Web Client</a>","ChrisScheren",0,FALSE,FALSE,NA,NA
"@allen_kelsey1: More trouble in Syria‚Ä¶ #pol241 BBC News ‚Äì Syria crisis: Nato concerned by Russia ‚Äòmilitary‚Ä¶ http://t.co/awYvjPA8gw",FALSE,0,"allen_kelsey1",2015-09-10 02:49:32,FALSE,NA,"641805678760210433","3517756175","<a href=""http://publicize.wp.com/"" rel=""nofollow"">WordPress.com</a>","ildiariopad",0,FALSE,FALSE,NA,NA
"http://t.co/U8zX1w74DA financial penalties may be inconvenient, but they weren't targeting the individual at fault #POL351",FALSE,0,NA,2015-09-10 02:44:30,FALSE,NA,"641804412390887424",NA,"<a href=""http://twitter.com"" rel=""nofollow"">Twitter Web Client</a>","heeezye",0,FALSE,FALSE,NA,NA
"More trouble in Syria... #pol241
BBC News - Syria crisis: Nato concerned by Russia 'military build-up' http://t.co/FtiP4i5nup",FALSE,0,NA,2015-09-10 02:43:29,FALSE,NA,"641804156458663936",NA,"<a href=""http://twitter.com/download/iphone"" rel=""nofollow"">Twitter for iPhone</a>","allen_kelsey1",0,FALSE,FALSE,NA,NA
"What kind of powers do corporations and executives have to get out of their crimes? #POL351 https://t.co/me743Jaie3",FALSE,0,NA,2015-09-10 02:42:09,FALSE,NA,"641803820889178113",NA,"<a href=""http://twitter.com/download/iphone"" rel=""nofollow"">Twitter for iPhone</a>","crewkd351",0,FALSE,FALSE,NA,NA
"Under representation of minorities might affect racial discrimination in crimes #POL351 https://t.co/pxnkp70t21",FALSE,0,NA,2015-09-10 02:32:15,FALSE,NA,"641801329892020224",NA,"<a href=""http://twitter.com/download/iphone"" rel=""nofollow"">Twitter for iPhone</a>","crewkd351",0,FALSE,FALSE,NA,NA
"#POL351 Depending on how the justice dept gathers data on corporate execs, are their 4th amend. rights violated? https://t.co/bM6RpPMoxq",FALSE,0,NA,2015-09-10 02:26:52,FALSE,NA,"641799974578200576",NA,"<a href=""http://twitter.com/download/iphone"" rel=""nofollow"">Twitter for iPhone</a>","M_Groom3",0,FALSE,FALSE,NA,NA
"Pretty scary #POL241  https://t.co/k8I2Yuvfj4",FALSE,0,NA,2015-09-10 02:22:55,FALSE,NA,"641798981706719233",NA,"<a href=""http://twitter.com/download/iphone"" rel=""nofollow"">Twitter for iPhone</a>","ethompson477",0,FALSE,FALSE,NA,NA
"Obama administration faces new obstacle. Judge rules House Can Sue the administration on HealthCare Spending #POL241
 http://t.co/bZ2YjORvOq",FALSE,0,NA,2015-09-10 02:19:57,FALSE,NA,"641798233484869632",NA,"<a href=""http://twitter.com"" rel=""nofollow"">Twitter Web Client</a>","Pembrojm",0,FALSE,FALSE,NA,NA
"The enemy of my enemy is my friend. Al Qaeda and ISIS may team up against the United States/Allies #POL351 https://t.co/awCDNVAyXQ",FALSE,2,NA,2015-09-10 02:16:56,FALSE,NA,"641797472138960897",NA,"<a href=""http://twitter.com/download/iphone"" rel=""nofollow"">Twitter for iPhone</a>","JonAbshire5",0,FALSE,FALSE,NA,NA
"How much individual autonomy is okay to be sacrificed for immigrants? #POL351 https://t.co/GpSGE0Y8k2",FALSE,0,NA,2015-09-10 02:11:47,FALSE,NA,"641796176333930496",NA,"<a href=""http://twitter.com/download/iphone"" rel=""nofollow"">Twitter for iPhone</a>","crewkd351",0,FALSE,FALSE,NA,NA
"Could wanting corporations to be ""more cooperative"" with the government infringe on the Fourth Amendment? #POL351 https://t.co/0FFJBRlRzq",FALSE,0,NA,2015-09-10 02:03:36,FALSE,NA,"641794117413007360",NA,"<a href=""http://twitter.com/download/iphone"" rel=""nofollow"">Twitter for iPhone</a>","sarahknepp",0,FALSE,FALSE,NA,NA
"John Kerry supports the arrival of 100,000 refugees to the United States. Worried what this could do.. #POL351 http://t.co/jLUCv2islu",FALSE,0,NA,2015-09-10 01:59:35,FALSE,NA,"641793107151994882",NA,"<a href=""http://twitter.com"" rel=""nofollow"">Twitter Web Client</a>","ferryka2",0,FALSE,FALSE,NA,NA
"indictment returned in a cold case murder of more than 15 years, read to see how criminal procedure worked #POL351 http://t.co/7AxJyyyZjM",FALSE,0,NA,2015-09-10 01:55:57,FALSE,NA,"641792195205459968",NA,"<a href=""http://twitter.com"" rel=""nofollow"">Twitter Web Client</a>","ferryka2",0,FALSE,FALSE,NA,NA
"When criminal procedure goes wrong, you pay the big price #POL351 https://t.co/pDepV4fTqo",FALSE,0,NA,2015-09-10 01:51:55,FALSE,NA,"641791178564878336",NA,"<a href=""http://twitter.com"" rel=""nofollow"">Twitter Web Client</a>","ferryka2",0,FALSE,FALSE,NA,NA
"I have such a soft spot for homeless people. They're people. We shouldn't treat them like an inconvenience.
#POL241  https://t.co/OZqaoX8Z7Y",FALSE,1,NA,2015-09-10 01:48:31,FALSE,NA,"641790320909381632",NA,"<a href=""http://twitter.com/download/android"" rel=""nofollow"">Twitter for Android</a>","HaileyMadisyn",0,FALSE,FALSE,NA,NA
"Offering 6.4 million in settlement #POL351  https://t.co/MXHkRIXd87",FALSE,0,NA,2015-09-10 01:46:57,FALSE,NA,"641789929740214272",NA,"<a href=""http://twitter.com/download/iphone"" rel=""nofollow"">Twitter for iPhone</a>","J_Melfi",0,FALSE,FALSE,NA,NA
"Really sad we're so used to seeing shootings that this wasn't as big of a deal as it should have been. #POL241  https://t.co/5XlQyWbluH",FALSE,0,NA,2015-09-10 01:44:53,FALSE,NA,"641789409449385984",NA,"<a href=""http://twitter.com/download/android"" rel=""nofollow"">Twitter for Android</a>","HaileyMadisyn",0,FALSE,FALSE,NA,NA
"Hopefully U.S. and Russia can come up with a solution #POL241 
U.S. Warns Russia Over Military Support for Assad http://t.co/5PytxJ15P5",FALSE,0,NA,2015-09-10 01:10:21,FALSE,NA,"641780718335623168",NA,"<a href=""http://twitter.com"" rel=""nofollow"">Twitter Web Client</a>","jamie_kolthoff",0,FALSE,FALSE,NA,NA
"Seems like a good idea. Will be interesting  how it plays out. #POL241 https://t.co/wVrpbpXbeh",FALSE,0,NA,2015-09-10 00:52:40,FALSE,NA,"641776267164020736",NA,"<a href=""http://twitter.com/download/android"" rel=""nofollow"">Twitter for Android</a>","emilyklienhenz",0,FALSE,FALSE,NA,NA
"Confused about the difference between RFRA and the Smith Test. #POL353",FALSE,0,NA,2015-09-10 00:12:52,FALSE,NA,"641766251648405504",NA,"<a href=""http://twitter.com"" rel=""nofollow"">Twitter Web Client</a>","Cassady_Willi",0,FALSE,FALSE,NA,NA
"Mike Huckabee: Kentucky clerk Kim Davis sign of election's 'most important issue' #POL353  http://t.co/7mGGIFTAif",FALSE,0,NA,2015-09-10 00:00:40,FALSE,NA,"641763181765988352",NA,"<a href=""http://twitter.com"" rel=""nofollow"">Twitter Web Client</a>","Cassady_Willi",0,FALSE,FALSE,NA,NA
"This ties really nicely with the Smith test and the Free Exercise Clause. #POL353 http://t.co/piVXcR0M7g",FALSE,0,NA,2015-09-09 23:53:27,FALSE,NA,"641761363614941184",NA,"<a href=""http://login.foxnews.com"" rel=""nofollow"">FOX News Login</a>","Cassady_Willi",0,FALSE,FALSE,NA,NA
"http://t.co/EQm6c32YLv maybe a 6.4 million dollar settlement is too much. #POL351",FALSE,0,NA,2015-09-09 23:39:09,FALSE,NA,"641757764616851456",NA,"<a href=""http://twitter.com/download/iphone"" rel=""nofollow"">Twitter for iPhone</a>","GebhartRachael",0,FALSE,FALSE,NA,NA
"http://t.co/zICtAVBDVz
I wonder if this will have any effect on the Iran Nuclear Deal? #POL241",FALSE,0,NA,2015-09-09 23:34:44,FALSE,NA,"641756656011997184",NA,"<a href=""http://twitter.com/download/android"" rel=""nofollow"">Twitter for Android</a>","HaileyMadisyn",0,FALSE,FALSE,NA,NA
"Sen. Hastings supports new comprehensive police reform law #POL351 http://t.co/jUjvLcu8ZJ",FALSE,0,NA,2015-09-09 23:26:45,FALSE,NA,"641754644566380544",NA,"<a href=""http://twitter.com"" rel=""nofollow"">Twitter Web Client</a>","barretmb2",0,FALSE,FALSE,NA,NA
"Police use Taser to detain man at McDonald‚Äôs in Maryland #POL351 http://t.co/jUjvLcLJRh",FALSE,0,NA,2015-09-09 23:26:14,FALSE,NA,"641754518108028928",NA,"<a href=""http://twitter.com"" rel=""nofollow"">Twitter Web Client</a>","barretmb2",0,FALSE,FALSE,NA,NA
"Jury deliberately on a death penalty case #POL351
http://t.co/XBkPFJiOxa",FALSE,0,NA,2015-09-09 23:24:24,FALSE,NA,"641754056625684481",NA,"<a href=""http://twitter.com"" rel=""nofollow"">Twitter Web Client</a>","barretmb2",0,FALSE,FALSE,NA,NA
"Mike Huckabee offers to go to jail for Kim Davis #POL351
http://t.co/A0QqCjRFx4",FALSE,0,NA,2015-09-09 23:23:20,FALSE,NA,"641753784809619456",NA,"<a href=""http://twitter.com"" rel=""nofollow"">Twitter Web Client</a>","barretmb2",0,FALSE,FALSE,NA,NA
"Search and Seizures #POL351 http://t.co/RRRPt0w1KO",FALSE,0,NA,2015-09-09 22:44:56,FALSE,NA,"641744121724567553",NA,"<a href=""http://twitter.com"" rel=""nofollow"">Twitter Web Client</a>","allisonlarrick",0,FALSE,FALSE,NA,NA
"Searches and Seizures #POL351 http://t.co/p38lFiApei",FALSE,0,NA,2015-09-09 22:44:05,FALSE,NA,"641743910537183232",NA,"<a href=""http://twitter.com"" rel=""nofollow"">Twitter Web Client</a>","allisonlarrick",0,FALSE,FALSE,NA,NA
"#POL351 https://t.co/9oV7X9NaUe",FALSE,0,NA,2015-09-09 22:42:53,FALSE,NA,"641743607049883649",NA,"<a href=""http://twitter.com"" rel=""nofollow"">Twitter Web Client</a>","allisonlarrick",0,FALSE,FALSE,NA,NA
"#POL351 https://t.co/0yCFmqiTQb",FALSE,0,NA,2015-09-09 22:42:35,FALSE,NA,"641743531317592064",NA,"<a href=""http://twitter.com"" rel=""nofollow"">Twitter Web Client</a>","allisonlarrick",0,FALSE,FALSE,NA,NA
"#POL351 https://t.co/RlAwI5dFUK",FALSE,0,NA,2015-09-09 22:42:15,FALSE,NA,"641743445405618176",NA,"<a href=""http://twitter.com"" rel=""nofollow"">Twitter Web Client</a>","allisonlarrick",0,FALSE,FALSE,NA,NA
"Fighting constitutional literacy in U.S - National Constitutional Literacy Campaign http://t.co/VoyqgvQbQG via @washtimes #POL241",FALSE,0,NA,2015-09-09 22:05:06,FALSE,NA,"641734096654336000",NA,"<a href=""http://twitter.com"" rel=""nofollow"">Twitter Web Client</a>","JNachemson",0,FALSE,FALSE,NA,NA
"@soltofbc seems like he is trying to help out the rich again #POL241",FALSE,0,"soltofbc",2015-09-09 21:32:06,FALSE,"641722919769493505","641725794193174528","3234588499","<a href=""http://twitter.com/download/iphone"" rel=""nofollow"">Twitter for iPhone</a>","CodyShagovac",0,FALSE,FALSE,NA,NA
"But at least he released one! #POL241 http://t.co/0AabM1MqQ2",FALSE,1,NA,2015-09-09 21:20:41,FALSE,NA,"641722919769493505",NA,"<a href=""http://twitter.com"" rel=""nofollow"">Twitter Web Client</a>","soltofbc",1,FALSE,FALSE,NA,NA
"How ironic that Labor Day was a couple days ago #pol353 #mcjoblessinseattle http://t.co/dWFzv4ABeM",FALSE,0,NA,2015-09-09 20:34:51,FALSE,NA,"641711386402422784",NA,"<a href=""http://twitter.com/download/iphone"" rel=""nofollow"">Twitter for iPhone</a>","Barrett2215",0,FALSE,FALSE,NA,NA
"Shouldn't there be some sort of punishment since it's legal everywhere in the country? #POL241 http://t.co/fjNAMuzsX8",FALSE,0,NA,2015-09-09 19:15:25,FALSE,NA,"641691394566955009",NA,"<a href=""http://twitter.com"" rel=""nofollow"">Twitter Web Client</a>","CarmenMarruenda",0,FALSE,FALSE,NA,NA
"You have to love that he says what he wants, he does not hide opinions #POL241 https://t.co/yZ0jA9dc4C",FALSE,1,NA,2015-09-09 18:44:16,FALSE,NA,"641683557354762240",NA,"<a href=""http://twitter.com"" rel=""nofollow"">Twitter Web Client</a>","mathersj1234",0,FALSE,FALSE,NA,NA
"Cincinnati fires police chief after months of discord #POL351 http://t.co/PRsRFdNEYd via @usatoday",FALSE,0,NA,2015-09-09 17:14:51,FALSE,NA,"641661054704029696",NA,"<a href=""http://twitter.com"" rel=""nofollow"">Twitter Web Client</a>","soltofbc",0,FALSE,FALSE,NA,NA
"This woman should not be forced to issue gay marriage licenses if it is against what she believes in http://t.co/RBUrfOf3ce #POL241",FALSE,0,NA,2015-09-09 17:00:05,FALSE,NA,"641657338349400064",NA,"<a href=""http://login.foxnews.com"" rel=""nofollow"">FOX News Login</a>","rosemk97",0,FALSE,FALSE,NA,NA
"Kim Davis may still not issue marriage licenses to same-sex couples in Rowan County, KY http://t.co/AUiZDORoYH #pol353",FALSE,0,NA,2015-09-09 16:46:31,FALSE,NA,"641653923271548928",NA,"<a href=""http://twitter.com/download/iphone"" rel=""nofollow"">Twitter for iPhone</a>","Barrett2215",0,FALSE,FALSE,NA,NA
"Baltimore now has surpassed New York on homicides, with less people in its' population. thoughts? #POL353 https://t.co/TNccduqc42",FALSE,0,NA,2015-09-09 16:31:13,FALSE,NA,"641650075668729856",NA,"<a href=""http://twitter.com"" rel=""nofollow"">Twitter Web Client</a>","ibacidore21",0,FALSE,FALSE,NA,NA
"Carson pokes holes in Trumps immigration plans. #pol353 https://t.co/nHHsRiyOdF",FALSE,1,NA,2015-09-09 16:20:50,FALSE,NA,"641647459110907904",NA,"<a href=""http://twitter.com"" rel=""nofollow"">Twitter Web Client</a>","AndrewDeLongPOL",0,FALSE,FALSE,NA,NA
"I'm confused why Huckabee is backing this woman considering she broke the law?
#POL241 https://t.co/L1FMoA8s61",FALSE,2,NA,2015-09-09 16:01:08,FALSE,NA,"641642501917548544",NA,"<a href=""http://twitter.com/download/android"" rel=""nofollow"">Twitter for Android</a>","HaileyMadisyn",0,FALSE,FALSE,NA,NA
"That being said, I'm so happy to see candidates talking about it. It's one of the most critical issues facing our democracy. #POL353",FALSE,0,NA,2015-09-09 15:50:27,FALSE,NA,"641639815495176192",NA,"<a href=""http://twitter.com"" rel=""nofollow"">Twitter Web Client</a>","frannyblack4",0,FALSE,FALSE,NA,NA
"@soltofbc http://t.co/QGvVVpBVso #POL351",FALSE,0,"soltofbc",2015-09-09 15:49:55,FALSE,"641607003455025152","641639678987268096","3234588499","<a href=""http://twitter.com/download/iphone"" rel=""nofollow"">Twitter for iPhone</a>","SallyRoseWolf",0,FALSE,FALSE,NA,NA
"Relating to class yesterday. #POL353 https://t.co/vRtviQ1MvU",FALSE,0,NA,2015-09-09 15:43:59,FALSE,NA,"641638185362169857",NA,"<a href=""http://twitter.com"" rel=""nofollow"">Twitter Web Client</a>","ibacidore21",0,FALSE,FALSE,NA,NA
"Interesting opinion by Scott Walker..new campaign? #POL353
 https://t.co/XRLAVgD4v1",FALSE,0,NA,2015-09-09 15:43:32,FALSE,NA,"641638074674495488",NA,"<a href=""http://twitter.com"" rel=""nofollow"">Twitter Web Client</a>","ibacidore21",0,FALSE,FALSE,NA,NA
"Should Health care companies and government healthcare tamale actions against unhealthy type 2 people? #POL241  https://t.co/p67BeomHPU",FALSE,0,NA,2015-09-09 15:41:07,FALSE,NA,"641637466697506817",NA,"<a href=""http://twitter.com/download/iphone"" rel=""nofollow"">Twitter for iPhone</a>","CodyShagovac",0,FALSE,FALSE,NA,NA
"A new and interesting way to look at things, new perspectives always appreciated #POL353 https://t.co/aKLqOQmA4l",FALSE,0,NA,2015-09-09 15:41:07,FALSE,NA,"641637464810127361",NA,"<a href=""http://twitter.com"" rel=""nofollow"">Twitter Web Client</a>","ibacidore21",0,FALSE,FALSE,NA,NA
"@soltofbc what about having cameras on law enforcement? Go pros w/ audio? Already being discussed some places #POL351",FALSE,0,"soltofbc",2015-09-09 15:40:03,FALSE,"641607003455025152","641637196810821632","3234588499","<a href=""http://twitter.com/download/iphone"" rel=""nofollow"">Twitter for iPhone</a>","SallyRoseWolf",0,FALSE,FALSE,NA,NA
"What is really going on with the Hillary Clinton emails? #POL353 https://t.co/7kRpZIPUgM",FALSE,0,NA,2015-09-09 15:38:15,FALSE,NA,"641636744333500416",NA,"<a href=""http://twitter.com"" rel=""nofollow"">Twitter Web Client</a>","ibacidore21",0,FALSE,FALSE,NA,NA
"Gov. Mike Huckabee stands by Kentucky Clerk, Kim Davis. #POL353",FALSE,0,NA,2015-09-09 15:31:40,FALSE,NA,"641635088988508160",NA,"<a href=""http://twitter.com"" rel=""nofollow"">Twitter Web Client</a>","AdunlapPol353",0,FALSE,FALSE,NA,NA
"@pewresearch Not only the debt but also our jobs #POL241 #PrevTweet",FALSE,0,"Molinamd44",2015-09-09 15:19:11,FALSE,"641631645884354560","641631944392970240","3458804662","<a href=""http://twitter.com/download/iphone"" rel=""nofollow"">Twitter for iPhone</a>","Molinamd44",0,FALSE,FALSE,NA,NA
"I think this is the appropriate action to take. Even with KY's RFRA, Davis should not be able to resume work #pol353 http://t.co/Hz9JA1dLl0",FALSE,0,NA,2015-09-09 15:14:03,FALSE,NA,"641630654443163649",NA,"<a href=""http://twitter.com"" rel=""nofollow"">Twitter Web Client</a>","EmmAdams2",0,FALSE,FALSE,NA,NA
"I'm interested in paying more attention to court cases involving RFRAs in the upcoming years after reading the 2014 Hobby Lobby Case #pol353",FALSE,0,NA,2015-09-09 15:09:31,FALSE,NA,"641629511495385088",NA,"<a href=""http://twitter.com"" rel=""nofollow"">Twitter Web Client</a>","EmmAdams2",0,FALSE,FALSE,NA,NA
"New legal requirements are coming for the controversial use of cellphone surveillance technology: http://t.co/kCD3qTmtXa #POL351",FALSE,1,NA,2015-09-09 15:09:08,FALSE,NA,"641629417073156096",NA,"<a href=""http://twitter.com"" rel=""nofollow"">Twitter Web Client</a>","a_damnglassman",0,FALSE,FALSE,NA,NA
"Makes you lose a little faith in humanity       #POL241  https://t.co/l2dS3xmDp8",FALSE,1,NA,2015-09-09 15:05:19,FALSE,NA,"641628455889715200",NA,"<a href=""http://twitter.com/download/iphone"" rel=""nofollow"">Twitter for iPhone</a>","ethompson477",0,FALSE,FALSE,NA,NA
"How politics can potentially affect a court ruling...#pol353 http://t.co/Tx6KLnz3jZ via @YahooNews",FALSE,0,NA,2015-09-09 15:04:53,FALSE,NA,"641628347668283392",NA,"<a href=""http://twitter.com"" rel=""nofollow"">Twitter Web Client</a>","EmmAdams2",0,FALSE,FALSE,NA,NA
"Pretty dumb to say #POL241  https://t.co/ITJ9P9kJO0",FALSE,0,NA,2015-09-09 15:01:56,FALSE,NA,"641627605008031745",NA,"<a href=""http://twitter.com/download/iphone"" rel=""nofollow"">Twitter for iPhone</a>","ethompson477",0,FALSE,FALSE,NA,NA
"Reminds me of the concurring opinion in Smith (1990) #pol353  https://t.co/leK2i8jjJd",FALSE,0,NA,2015-09-09 14:45:02,FALSE,NA,"641623351539159040",NA,"<a href=""http://twitter.com"" rel=""nofollow"">Twitter Web Client</a>","EmmAdams2",0,FALSE,FALSE,NA,NA
"@soltofbc I honestly hope she does so she can just keep going back to jail so people can realize how dumb she is further #POL241",FALSE,0,"soltofbc",2015-09-09 14:42:58,FALSE,"641622648116670464","641622830799548416","3234588499","<a href=""http://twitter.com/download/iphone"" rel=""nofollow"">Twitter for iPhone</a>","CodyShagovac",0,FALSE,FALSE,NA,NA
"@CodyShagovac if she interferes with her deputies, back to jail #POL241",FALSE,0,"CodyShagovac",2015-09-09 14:42:14,FALSE,"641622456516538368","641622648116670464","194364675","<a href=""http://twitter.com"" rel=""nofollow"">Twitter Web Client</a>","soltofbc",0,FALSE,FALSE,NA,NA
"@soltofbc what will happen to her if she doesn't comply further? #POL241",FALSE,0,"soltofbc",2015-09-09 14:41:29,FALSE,"641613841856614400","641622456516538368","3234588499","<a href=""http://twitter.com/download/iphone"" rel=""nofollow"">Twitter for iPhone</a>","CodyShagovac",0,FALSE,FALSE,NA,NA
"Judge rules in favor of Tom Brady in Deflategate- Great Example of the due process clause #pol353  http://t.co/9BPab4xn8a",FALSE,0,NA,2015-09-09 14:35:42,FALSE,NA,"641621001353232384",NA,"<a href=""http://twitter.com"" rel=""nofollow"">Twitter Web Client</a>","EmmAdams2",0,FALSE,FALSE,NA,NA
".@CodyShagovac interesting look at the use of civil contempt and potential abuses #POL241 #POL353 http://t.co/tHxveelRLC",FALSE,0,"soltofbc",2015-09-09 14:07:47,FALSE,"641613841856614400","641613979035545600","3234588499","<a href=""http://twitter.com"" rel=""nofollow"">Twitter Web Client</a>","soltofbc",0,FALSE,FALSE,NA,NA
"@CodyShagovac generally you can only be held until compliance occurs. since the office is complying, no need to hold her personally #POL241",FALSE,0,"CodyShagovac",2015-09-09 14:07:15,FALSE,"641610737912291329","641613841856614400","194364675","<a href=""http://twitter.com"" rel=""nofollow"">Twitter Web Client</a>","soltofbc",0,FALSE,FALSE,NA,NA
"@soltofbc I believe they were suppose to hold her till Kentucky government adjourned again in January? I could be wrong tho #POL241",FALSE,0,"soltofbc",2015-09-09 13:54:55,FALSE,"641605052696797185","641610737912291329","3234588499","<a href=""http://twitter.com/download/iphone"" rel=""nofollow"">Twitter for iPhone</a>","CodyShagovac",0,FALSE,FALSE,NA,NA
"@soltofbc I say do both body cameras and more training #POL241",FALSE,0,"soltofbc",2015-09-09 13:54:17,FALSE,"641604479897468928","641610578109272064","3234588499","<a href=""http://twitter.com/download/iphone"" rel=""nofollow"">Twitter for iPhone</a>","CodyShagovac",0,FALSE,FALSE,NA,NA
"@lpontemiami does it seem like a fair charge, or is he being singled out? #POL353",FALSE,0,"lpontemiami",2015-09-09 13:45:30,FALSE,"641259173653676032","641608370156388352","3515851229","<a href=""http://twitter.com"" rel=""nofollow"">Twitter Web Client</a>","soltofbc",0,FALSE,FALSE,NA,NA
"@frannyblack4 that said it doesn't look like the resolution would have any meaningful impact #POL353",FALSE,0,"frannyblack4",2015-09-09 13:44:55,FALSE,"641313459968319488","641608221065641984","3449957417","<a href=""http://twitter.com"" rel=""nofollow"">Twitter Web Client</a>","soltofbc",0,FALSE,FALSE,NA,NA
".@frannyblack4 it's one thing for a local clerk to defy #SCOTUS. It would be entirely different if Congress took meaningful action #POL353",FALSE,0,"frannyblack4",2015-09-09 13:44:30,FALSE,"641313459968319488","641608120054194176","3449957417","<a href=""http://twitter.com"" rel=""nofollow"">Twitter Web Client</a>","soltofbc",0,FALSE,FALSE,NA,NA
"@Peter007Brown can the state compel these schools to teach secular curricula? or should parents have the final say? #POL353",FALSE,0,"Peter007Brown",2015-09-09 13:43:00,FALSE,"641486768546676736","641607742109650944","3453673755","<a href=""http://twitter.com"" rel=""nofollow"">Twitter Web Client</a>","soltofbc",0,FALSE,FALSE,NA,NA
"@SallyRoseWolf how do you even reliably measure this? it's always a he said/she said situation #POL351",FALSE,0,"SallyRoseWolf",2015-09-09 13:40:04,FALSE,"641397466873622528","641607003455025152","3453032897","<a href=""http://twitter.com"" rel=""nofollow"">Twitter Web Client</a>","soltofbc",0,FALSE,FALSE,NA,NA
"@crewkd351 probably not. Are you required to sign an access agreement with the university when you first register as a student? #POL351",FALSE,0,"crewkd351",2015-09-09 13:38:33,FALSE,"641442610746368000","641606619160256512","3459378916","<a href=""http://twitter.com"" rel=""nofollow"">Twitter Web Client</a>","soltofbc",0,FALSE,FALSE,NA,NA
".@heeezye also, some potential explanations for the results #POL351 http://t.co/OyYKXgrR4h",FALSE,0,"soltofbc",2015-09-09 13:37:31,FALSE,"641606246492176385","641606358727585793","3234588499","<a href=""http://twitter.com"" rel=""nofollow"">Twitter Web Client</a>","soltofbc",0,FALSE,FALSE,NA,NA
".@heeezye good point. Was @nytimes cherry-picking their examples? #POL351",FALSE,0,"heeezye",2015-09-09 13:37:04,FALSE,"641464029572112384","641606246492176385","252162448","<a href=""http://twitter.com"" rel=""nofollow"">Twitter Web Client</a>","soltofbc",0,FALSE,FALSE,NA,NA
".@ShannonLaGassa don't see something like that occurring very often #POL351 https://t.co/QnkscnmduJ",FALSE,0,"ShannonLaGassa",2015-09-09 13:35:25,FALSE,"641584091373154304","641605831461629952","3462487036","<a href=""http://twitter.com"" rel=""nofollow"">Twitter Web Client</a>","soltofbc",0,FALSE,FALSE,NA,NA
"@HaileyMadisyn perhaps we've become immune to it. The media who cried wolf? #POL241",FALSE,1,"HaileyMadisyn",2015-09-09 13:33:37,FALSE,"641075682492157953","641605377235288064","45692829","<a href=""http://twitter.com"" rel=""nofollow"">Twitter Web Client</a>","soltofbc",0,FALSE,FALSE,NA,NA
"@CodyShagovac how long could the judge hold her? Are there limits to incarceration for contempt of court? #POL241",FALSE,0,"CodyShagovac",2015-09-09 13:32:19,FALSE,"641301525239832576","641605052696797185","194364675","<a href=""http://twitter.com"" rel=""nofollow"">Twitter Web Client</a>","soltofbc",0,FALSE,FALSE,NA,NA
"@CodyShagovac or invest in body cameras. Probably still cheaper than paying out settlements #POL241 http://t.co/BNvCDSAzyN",FALSE,0,"CodyShagovac",2015-09-09 13:30:03,FALSE,"641334184716410880","641604479897468928","194364675","<a href=""http://twitter.com"" rel=""nofollow"">Twitter Web Client</a>","soltofbc",0,FALSE,FALSE,NA,NA
"@vanjomj why does the media spend so much time covering him then? #POL241",FALSE,0,"vanjomj",2015-09-09 13:29:09,FALSE,"641379605618786304","641604254449422336","3352736774","<a href=""http://twitter.com"" rel=""nofollow"">Twitter Web Client</a>","soltofbc",0,FALSE,FALSE,NA,NA
"@Pembrojm think he should get into the race? would he be viable at this point? #pol241",FALSE,0,"Pembrojm",2015-09-09 13:28:47,FALSE,"641422020924833792","641604162069901312","3452350156","<a href=""http://twitter.com"" rel=""nofollow"">Twitter Web Client</a>","soltofbc",0,FALSE,FALSE,NA,NA
"Facts about the U.S. Navy #POL351 http://t.co/VMbkcVT6Gi",FALSE,0,NA,2015-09-09 12:10:38,FALSE,NA,"641584494315761664",NA,"<a href=""http://twitter.com"" rel=""nofollow"">Twitter Web Client</a>","ShannonLaGassa",0,FALSE,FALSE,NA,NA
"Officers turn in the police chief #POL351 http://t.co/qrs4VWxg30",FALSE,0,NA,2015-09-09 12:09:02,FALSE,NA,"641584091373154304",NA,"<a href=""http://twitter.com"" rel=""nofollow"">Twitter Web Client</a>","ShannonLaGassa",0,FALSE,FALSE,NA,NA
"#POL353 In this case the free exercise of religion is leaving children unprepared to enter the job market http://t.co/va13HBV8tP",FALSE,0,NA,2015-09-09 05:42:18,FALSE,NA,"641486768546676736",NA,"<a href=""http://twitter.com"" rel=""nofollow"">Twitter Web Client</a>","Peter007Brown",0,FALSE,FALSE,NA,NA
"http://t.co/66qWQVX2tV is it community security when individuals are too scared to call the police? #POL351",FALSE,0,NA,2015-09-09 04:26:18,FALSE,NA,"641467644361736192",NA,"<a href=""http://twitter.com"" rel=""nofollow"">Twitter Web Client</a>","heeezye",0,FALSE,FALSE,NA,NA
"#LRT they way they chose the cities included in the article isn't stated, therefore making me question the accuracy #POL351",FALSE,0,NA,2015-09-09 04:13:54,FALSE,NA,"641464523124252672",NA,"<a href=""http://twitter.com"" rel=""nofollow"">Twitter Web Client</a>","heeezye",0,FALSE,FALSE,NA,NA
"http://t.co/dbFYmkuRrU I feel as though this information could mislead some readers... it's all about how you present the info #POL351",FALSE,0,NA,2015-09-09 04:11:57,FALSE,NA,"641464029572112384",NA,"<a href=""http://twitter.com"" rel=""nofollow"">Twitter Web Client</a>","heeezye",0,FALSE,FALSE,NA,NA
"More restrictions need be placed on airplanes! #POL241  https://t.co/XLu2IKSeHN",FALSE,0,NA,2015-09-09 04:03:37,FALSE,NA,"641461934706003968",NA,"<a href=""http://twitter.com/download/iphone"" rel=""nofollow"">Twitter for iPhone</a>","CodyShagovac",0,FALSE,FALSE,NA,NA
"Did she have reasonable expectation of privacy? How is that different for someone in public eye? #POL351 https://t.co/77ZaWKTmvR",FALSE,0,NA,2015-09-09 02:47:52,FALSE,NA,"641442872642924544",NA,"<a href=""http://twitter.com/download/iphone"" rel=""nofollow"">Twitter for iPhone</a>","crewkd351",0,FALSE,FALSE,NA,NA
"Do students have a reasonable expectation of privacy when using on-campus wifi? #POL351",FALSE,1,NA,2015-09-09 02:46:50,FALSE,NA,"641442610746368000",NA,"<a href=""http://twitter.com/download/iphone"" rel=""nofollow"">Twitter for iPhone</a>","crewkd351",0,FALSE,FALSE,NA,NA
"It seems to me that they need to treat the migrants more humanely. #POL241 https://t.co/whynKLOqE5",FALSE,0,NA,2015-09-09 02:37:23,FALSE,NA,"641440234509570048",NA,"<a href=""http://twitter.com/download/android"" rel=""nofollow"">Twitter for Android</a>","emilyklienhenz",0,FALSE,FALSE,NA,NA
"But will she actually be punished? #POL241  https://t.co/Hywdv2LD98",FALSE,0,NA,2015-09-09 01:47:11,FALSE,NA,"641427597415591936",NA,"<a href=""http://twitter.com/download/iphone"" rel=""nofollow"">Twitter for iPhone</a>","ethompson477",0,FALSE,FALSE,NA,NA
"Recent Polls show Joe Biden gaining support among Democrats #POL241
http://t.co/r0k31vVIx0 via @NYTPolitics",FALSE,0,NA,2015-09-09 01:25:01,FALSE,NA,"641422020924833792",NA,"<a href=""http://twitter.com"" rel=""nofollow"">Twitter Web Client</a>","Pembrojm",0,FALSE,FALSE,NA,NA
"Hillary Clinton apologizes for using her private email #POL241
 http://t.co/vnKcicDfT7",FALSE,0,NA,2015-09-09 01:20:06,FALSE,NA,"641420782426570753",NA,"<a href=""http://twitter.com"" rel=""nofollow"">Twitter Web Client</a>","Pembrojm",0,FALSE,FALSE,NA,NA
"Interesting look into whether or not religion has a place with #SCOTUS decisions. #POL351  https://t.co/qYgWJXtq1Y",FALSE,0,NA,2015-09-09 00:10:31,FALSE,NA,"641403271668740097",NA,"<a href=""http://twitter.com/download/iphone"" rel=""nofollow"">Twitter for iPhone</a>","sarahknepp",0,FALSE,FALSE,NA,NA
"http://t.co/TZwt0m2GbV Good follow up on today's class #POL351",FALSE,0,NA,2015-09-09 00:04:22,FALSE,NA,"641401725757321216",NA,"<a href=""http://twitter.com"" rel=""nofollow"">Twitter Web Client</a>","ShannonLaGassa",0,FALSE,FALSE,NA,NA
"How often do police really go over the line when it comes to searching people? http://t.co/q1vPKbyR3L #POL351",FALSE,0,NA,2015-09-08 23:47:27,FALSE,NA,"641397466873622528",NA,"<a href=""http://twitter.com/download/iphone"" rel=""nofollow"">Twitter for iPhone</a>","SallyRoseWolf",0,FALSE,FALSE,NA,NA
"Recent legislation from the House of Reps. Health and business! http://t.co/COeH64yzKU #POL351",FALSE,0,NA,2015-09-08 23:42:59,FALSE,NA,"641396342049370112",NA,"<a href=""http://twitter.com/download/iphone"" rel=""nofollow"">Twitter for iPhone</a>","SallyRoseWolf",0,FALSE,FALSE,NA,NA
"Apparently, people are still talking about Clinton's emails. Apology finally given! http://t.co/JaX9mts7qj #POL351",FALSE,0,NA,2015-09-08 23:42:18,FALSE,NA,"641396169457958912",NA,"<a href=""http://twitter.com/download/iphone"" rel=""nofollow"">Twitter for iPhone</a>","SallyRoseWolf",0,FALSE,FALSE,NA,NA
"German infrastructure trying to deal with influx of Syrian immigrants and refugees http://t.co/1RErFNFEJi #POL351",FALSE,0,NA,2015-09-08 23:41:05,FALSE,NA,"641395866935402496",NA,"<a href=""http://twitter.com/download/iphone"" rel=""nofollow"">Twitter for iPhone</a>","SallyRoseWolf",0,FALSE,FALSE,NA,NA
"The airline industry, not just @united are operating under a hub-and-spoke system not challenged under antitrust allegations #pol353",FALSE,0,NA,2015-09-08 23:31:42,FALSE,NA,"641393503684136960",NA,"<a href=""http://twitter.com/download/iphone"" rel=""nofollow"">Twitter for iPhone</a>","Barrett2215",0,FALSE,FALSE,NA,NA
"Turn your spare change into a diversified investment portfolio today @acorns #pol353 #collegeinvestingtips",FALSE,0,NA,2015-09-08 23:22:13,FALSE,NA,"641391118609960960",NA,"<a href=""http://twitter.com/download/iphone"" rel=""nofollow"">Twitter for iPhone</a>","Barrett2215",0,FALSE,FALSE,NA,NA
"Kentucky clerk Kim Davis ordered to be released from jail source:@FoxNews #pol353",FALSE,0,NA,2015-09-08 23:18:33,FALSE,NA,"641390196110569472",NA,"<a href=""http://twitter.com/download/iphone"" rel=""nofollow"">Twitter for iPhone</a>","Barrett2215",0,FALSE,FALSE,NA,NA
"Perhaps Trump wouldn't be a frontrunner if he didn't receive the most publicity by far out of all the candidates. #POL241",FALSE,0,NA,2015-09-08 22:36:28,FALSE,NA,"641379605618786304",NA,"<a href=""http://twitter.com"" rel=""nofollow"">Twitter Web Client</a>","vanjomj",0,FALSE,FALSE,NA,NA
"http://t.co/OxQHh4A3OJ I guess separation of church and state means nothing to huckabee, clearly follows the constitution #pol353",FALSE,0,NA,2015-09-08 21:53:08,FALSE,NA,"641368700302573569",NA,"<a href=""http://twitter.com/#!/download/ipad"" rel=""nofollow"">Twitter for iPad</a>","sjoseph843",0,FALSE,FALSE,NA,NA
"Kentucky Clerk that was sent to jail for refusing to issue marriage licenses to gay couples has been released. #POL353",FALSE,0,NA,2015-09-08 20:01:30,FALSE,NA,"641340606585835520",NA,"<a href=""http://twitter.com"" rel=""nofollow"">Twitter Web Client</a>","AdunlapPol353",0,FALSE,FALSE,NA,NA
"Should the accused and victims be able to circumvent the criminal justice system through civil settlements? #POL351 http://t.co/aCHjw8slGm",FALSE,0,NA,2015-09-08 19:41:25,FALSE,NA,"641335551648485377",NA,"<a href=""http://twitter.com"" rel=""nofollow"">Twitter Web Client</a>","soltofbc",0,FALSE,FALSE,NA,NA
"How about we use more money to train police officers so we don't have to payout big settlements #pol241 https://t.co/H8GFhdC9cv",FALSE,0,NA,2015-09-08 19:35:59,FALSE,NA,"641334184716410880",NA,"<a href=""http://twitter.com/download/iphone"" rel=""nofollow"">Twitter for iPhone</a>","CodyShagovac",0,FALSE,FALSE,NA,NA
"Today I learned that former Secretary of State, Colin Powell supports the Iran Nuclear Deal. #POL353",FALSE,0,NA,2015-09-08 18:53:16,FALSE,NA,"641323433490563073",NA,"<a href=""http://twitter.com"" rel=""nofollow"">Twitter Web Client</a>","AdunlapPol353",0,FALSE,FALSE,NA,NA
"#pol241  http://t.co/d9NIQeJdEF",FALSE,0,NA,2015-09-08 18:34:33,FALSE,NA,"641318724994244609",NA,"<a href=""http://twitter.com/download/iphone"" rel=""nofollow"">Twitter for iPhone</a>","allen_kelsey1",0,FALSE,FALSE,NA,NA
"What will happen if Congress refuses to enforce #SCOTUS ruling? We might soon find out #POL353
http://t.co/pAiG9y1lrC",FALSE,0,NA,2015-09-08 18:13:38,FALSE,NA,"641313459968319488",NA,"<a href=""http://twitter.com"" rel=""nofollow"">Twitter Web Client</a>","frannyblack4",0,FALSE,FALSE,NA,NA
"The non-politician candidates call into question the founding fathers' intentions for representation and their applicability today #POL353",FALSE,0,NA,2015-09-08 17:59:34,FALSE,NA,"641309918952357888",NA,"<a href=""http://twitter.com"" rel=""nofollow"">Twitter Web Client</a>","frannyblack4",0,FALSE,FALSE,NA,NA
"Big chance that one of them won't even represent their respective party #POL241  https://t.co/w4lYWUUcSF",FALSE,0,NA,2015-09-08 17:27:21,FALSE,NA,"641301811186544641",NA,"<a href=""http://twitter.com/download/iphone"" rel=""nofollow"">Twitter for iPhone</a>","CodyShagovac",0,FALSE,FALSE,NA,NA
"She should be kept in jail #POL241  https://t.co/vScHE0335L",FALSE,1,NA,2015-09-08 17:26:13,FALSE,NA,"641301525239832576",NA,"<a href=""http://twitter.com/download/iphone"" rel=""nofollow"">Twitter for iPhone</a>","CodyShagovac",0,FALSE,FALSE,NA,NA
"Judge tells jail to release Kentucky clerk #pol353",FALSE,0,NA,2015-09-08 17:12:57,FALSE,NA,"641298188662665216",NA,"<a href=""http://twitter.com/download/iphone"" rel=""nofollow"">Twitter for iPhone</a>","LaPollaJames",0,FALSE,FALSE,NA,NA
"Public schools shouldn‚Äôt preach. But they should teach kids about religion. #POL353 http://t.co/qkki3EEgQU",FALSE,0,NA,2015-09-08 16:39:07,FALSE,NA,"641289675349590016",NA,"<a href=""http://twitter.com"" rel=""nofollow"">Twitter Web Client</a>","soltofbc",0,FALSE,FALSE,NA,NA
"Some great pump up music for class today! #POL241 https://t.co/lvsNb4kwSv",FALSE,0,NA,2015-09-08 16:08:06,FALSE,NA,"641281869275885568",NA,"<a href=""http://twitter.com"" rel=""nofollow"">Twitter Web Client</a>","soltofbc",0,FALSE,FALSE,NA,NA
"#POL241 Democrats have enough Senate votes to stifle Iran opposition http://t.co/Ul1vnp1WqK",FALSE,0,NA,2015-09-08 15:55:08,FALSE,NA,"641278603443982336",NA,"<a href=""http://twitter.com"" rel=""nofollow"">Twitter Web Client</a>","madi1056",0,FALSE,FALSE,NA,NA
"It's a sad day when you aren't surprised by a shooting. It's even worse when it isn't due to loss of empathy #pol241 https://t.co/uq2MtpRgZr",FALSE,0,NA,2015-09-08 15:42:20,FALSE,NA,"641275385448144896",NA,"<a href=""http://twitter.com/download/android"" rel=""nofollow"">Twitter for Android</a>","AtalieSofia",0,FALSE,FALSE,NA,NA
"Harvard Prof. Larry Lessig has announced his bid for President. Claims ""we have a government that does not work."" #POL353",FALSE,0,NA,2015-09-08 14:44:13,FALSE,NA,"641260760233062400",NA,"<a href=""http://twitter.com"" rel=""nofollow"">Twitter Web Client</a>","lpontemiami",0,FALSE,FALSE,NA,NA
"Accused US military deserter Sgt. Bowe Bergdahl was charged with misbehavior before the enemy. A rare &amp; harsh charge. #POL353",FALSE,0,NA,2015-09-08 14:37:55,FALSE,NA,"641259173653676032",NA,"<a href=""http://twitter.com"" rel=""nofollow"">Twitter Web Client</a>","lpontemiami",0,FALSE,FALSE,NA,NA
"In regards to the 8th amendment: http://t.co/jpPUZ63oEp #POL241",FALSE,0,NA,2015-09-08 14:29:40,FALSE,NA,"641257096563027968",NA,"<a href=""http://twitter.com"" rel=""nofollow"">Twitter Web Client</a>","xoSai",0,FALSE,FALSE,NA,NA
"Las Vegas police ambushed at a stop light #POL351 http://t.co/vVlhNrHCB2",FALSE,0,NA,2015-09-08 14:17:11,FALSE,NA,"641253954291109889",NA,"<a href=""http://twitter.com"" rel=""nofollow"">Twitter Web Client</a>","a_damnglassman",0,FALSE,FALSE,NA,NA
"Britain, France and Germany are taking in more asylum seekers. Also, catching up on the news. #POL241 https://t.co/VcBr6ij1zt",FALSE,0,NA,2015-09-08 14:02:57,FALSE,NA,"641250372577816576",NA,"<a href=""http://twitter.com"" rel=""nofollow"">Twitter Web Client</a>","xoSai",0,FALSE,FALSE,NA,NA
"This won't actually happen until 20-7. There had also been a proposal to raise the minimum wage requirements #pol241 http://t.co/NGiyMtwLdT",FALSE,0,NA,2015-09-08 04:10:08,FALSE,NA,"641101184334471168",NA,"<a href=""http://twitter.com/download/iphone"" rel=""nofollow"">Twitter for iPhone</a>","allen_kelsey1",0,FALSE,FALSE,NA,NA
"Is no one else alarmed at the potential government shut down again?
We're talking about this so casually. 
#POL241 https://t.co/4zAjLjFRNp",FALSE,1,NA,2015-09-08 02:28:47,FALSE,NA,"641075682492157953",NA,"<a href=""http://twitter.com/download/android"" rel=""nofollow"">Twitter for Android</a>","HaileyMadisyn",0,FALSE,FALSE,NA,NA
"Family rejects money to move out of area surrounding Area 51 #pol353",FALSE,0,NA,2015-09-08 01:48:44,FALSE,NA,"641065602824732672",NA,"<a href=""http://twitter.com/download/iphone"" rel=""nofollow"">Twitter for iPhone</a>","LaPollaJames",0,FALSE,FALSE,NA,NA
"Chinese woman must choose between 2nd child or her husband's job  via the @FoxNews App #pol353  http://t.co/v8a6x1halz",FALSE,0,NA,2015-09-08 01:47:19,FALSE,NA,"641065244144611328",NA,"<a href=""http://www.apple.com"" rel=""nofollow"">iOS</a>","LaPollaJames",0,FALSE,FALSE,NA,NA
"@FoxNews seems like a big deal is being made out of nothing but I suppose it's a good thing to look into #POL241",FALSE,0,"FoxNews",2015-09-08 01:23:21,FALSE,"641057139851587584","641059213641428993","1367531","<a href=""http://twitter.com/download/iphone"" rel=""nofollow"">Twitter for iPhone</a>","ejacobs97",0,FALSE,FALSE,NA,NA
"http://t.co/GHNT9BbfIi I simply dont understand y one of our political parties fights so hard against the reality of climate change. #POL241",FALSE,0,NA,2015-09-07 20:05:25,FALSE,NA,"640979202691473408",NA,"<a href=""http://twitter.com"" rel=""nofollow"">Twitter Web Client</a>","politicsmiami15",0,FALSE,FALSE,NA,NA
"@realDonaldTrump can I get an RT for my #POL241 class - somehow or another your name makes it into every one of our classes. keep it up.",FALSE,1,"realDonaldTrump",2015-09-07 20:02:43,FALSE,"640971682820300800","640978524585742340","25073877","<a href=""http://twitter.com"" rel=""nofollow"">Twitter Web Client</a>","politicsmiami15",0,FALSE,FALSE,NA,NA
"German government predicted to spend upwards of 6.6 billion on boarder opening #pol353",FALSE,0,NA,2015-09-07 19:56:52,FALSE,NA,"640977050283679744",NA,"<a href=""http://twitter.com/download/iphone"" rel=""nofollow"">Twitter for iPhone</a>","LaPollaJames",0,FALSE,FALSE,NA,NA
"@CBSPolitics What is the strategy relating to the timing of Biden's entrance to the race? When can we expect a decision from him? #POL241",FALSE,0,"CBSPolitics",2015-09-07 19:55:55,FALSE,"640975947651514369","640976812407975937","18767699","<a href=""http://twitter.com"" rel=""nofollow"">Twitter Web Client</a>","politicsmiami15",0,FALSE,FALSE,NA,NA
"Kentucky clerk is asking courts for help #pol353",FALSE,0,NA,2015-09-07 19:46:04,FALSE,NA,"640974334446727168",NA,"<a href=""http://twitter.com/download/iphone"" rel=""nofollow"">Twitter for iPhone</a>","LaPollaJames",0,FALSE,FALSE,NA,NA
"Data isn't the solution to all life's problems #POL241 https://t.co/JvXl4TGzOp",FALSE,0,NA,2015-09-07 19:25:01,FALSE,NA,"640969036365475840",NA,"<a href=""http://twitter.com"" rel=""nofollow"">Twitter Web Client</a>","soltofbc",0,FALSE,FALSE,NA,NA
"We need more of this helpful attitude in the world!! #pol241 https://t.co/TFy9M5saVB",FALSE,0,NA,2015-09-07 17:40:56,FALSE,NA,"640942841808711680",NA,"<a href=""http://twitter.com/download/android"" rel=""nofollow"">Twitter for Android</a>","AtalieSofia",0,FALSE,FALSE,NA,NA
"Obama Signs Executive Order On Paid Sick Days http://t.co/Iiw3TWM4vn possibly a little forgiving.... #POL241",FALSE,1,NA,2015-09-07 17:39:30,FALSE,NA,"640942482474278914",NA,"<a href=""http://twitter.com/download/iphone"" rel=""nofollow"">Twitter for iPhone</a>","ejacobs97",0,FALSE,FALSE,NA,NA
"‚Äú@WSJ: More college students use marijuana daily, study finds http://t.co/FzxvrI8Neo‚Äù #POL241",FALSE,0,"WSJ",2015-09-07 16:04:49,FALSE,"640342789532819456","640918652171210752","3108351","<a href=""http://twitter.com/download/iphone"" rel=""nofollow"">Twitter for iPhone</a>","rosemk97",0,FALSE,FALSE,NA,NA
"A reference to Martin Luther King Jr. in regards to Kim Davis' situation? #POL353 http://t.co/3Ho8SR5pXG",FALSE,0,NA,2015-09-07 02:09:09,FALSE,NA,"640708351735767040",NA,"<a href=""http://login.foxnews.com"" rel=""nofollow"">FOX News Login</a>","Cassady_Willi",0,FALSE,FALSE,NA,NA
"""Worst refugee crisis since World War II."" http://t.co/E9gDyYbGhY #POL353",FALSE,0,NA,2015-09-07 01:55:35,FALSE,NA,"640704936460816384",NA,"<a href=""http://twitter.com"" rel=""nofollow"">Twitter Web Client</a>","Cassady_Willi",0,FALSE,FALSE,NA,NA
"Anyone see the collective action problem here? #POL241 http://t.co/l81xWwPMig",FALSE,0,NA,2015-09-06 17:18:25,FALSE,NA,"640574786691837952",NA,"<a href=""http://twitter.com"" rel=""nofollow"">Twitter Web Client</a>","soltofbc",0,FALSE,FALSE,NA,NA
"Why does no one address the differences in gun violence worldwide? It would probably change our conversation #POL353 http://t.co/dkY6cOcFac",FALSE,0,NA,2015-09-05 14:57:53,FALSE,NA,"640177032572338176",NA,"<a href=""http://twitter.com"" rel=""nofollow"">Twitter Web Client</a>","frannyblack4",0,FALSE,FALSE,NA,NA
